nr,syllable,freq,cumulative_coverage,record_as,target_file
1,zêg8,259,0.8%,s0001.m4a,zêg8.mp3
2,bug4,174,1.3%,s0002.m4a,bug4.mp3
3,sêng5,151,1.8%,s0003.m4a,sêng5.mp3
4,gang1,147,2.2%,s0004.m4a,gang1.mp3
5,lêng5,131,2.6%,s0005.m4a,lêng5.mp3
6,dai6,128,3.0%,s0006.m4a,dai6.mp3
7,hag8,128,3.4%,s0007.m4a,hag8.mp3
8,huang1,128,3.8%,s0008.m4a,huang1.mp3
9,zag4,121,4.1%,s0009.m4a,zag4.mp3
10,ki5,120,4.5%,s0010.m4a,ki5.mp3
11,zi2,119,4.9%,s0011.m4a,zi2.mp3
12,guêng1,116,5.2%,s0012.m4a,guêng1.mp3
13,sêg4,115,5.6%,s0013.m4a,sêg4.mp3
14,dong1,111,5.9%,s0014.m4a,dong1.mp3
15,ziên6,111,6.2%,s0015.m4a,ziên6.mp3
16,ming7,110,6.6%,s0016.m4a,ming7.mp3
17,huêng2,108,6.9%,s0017.m4a,huêng2.mp3
18,nang5,106,7.2%,s0018.m4a,nang5.mp3
19,siang1,106,7.5%,s0019.m4a,siang1.mp3
20,lang5,104,7.8%,s0020.m4a,lang5.mp3
21,hung1,102,8.2%,s0021.m4a,hung1.mp3
22,dang1,101,8.5%,s0022.m4a,dang1.mp3
23,dang5,96,8.8%,s0023.m4a,dang5.mp3
24,gi1,95,9.0%,s0024.m4a,gi1.mp3
25,ui5,95,9.3%,s0025.m4a,ui5.mp3
26,ze1,95,9.6%,s0026.m4a,ze1.mp3
27,lai5,93,9.9%,s0027.m4a,lai5.mp3
28,gao1,92,10.2%,s0028.m4a,gao1.mp3
29,nguêng5,92,10.5%,s0029.m4a,nguêng5.mp3
30,hog8,88,10.7%,s0030.m4a,hog8.mp3
31,gian5,87,11.0%,s0031.m4a,gian5.mp3
32,suan3,86,11.2%,s0032.m4a,suan3.mp3
33,zi3,86,11.5%,s0033.m4a,zi3.mp3
34,gêng1,83,11.8%,s0034.m4a,gêng1.mp3
35,dong6,82,12.0%,s0035.m4a,dong6.mp3
36,gag4,81,12.2%,s0036.m4a,gag4.mp3
37,liang6,81,12.5%,s0037.m4a,liang6.mp3
38,cêng1,79,12.7%,s0038.m4a,cêng1.mp3
39,li2,79,13.0%,s0039.m4a,li2.mp3
40,sing1,79,13.2%,s0040.m4a,sing1.mp3
41,zêng1,79,13.4%,s0041.m4a,zêng1.mp3
42,ziên7,78,13.7%,s0042.m4a,ziên7.mp3
43,kong1,75,13.9%,s0043.m4a,kong1.mp3
44,lag8,75,14.1%,s0044.m4a,lag8.mp3
45,dêng1,74,14.4%,s0045.m4a,dêng1.mp3
46,ni5,74,14.6%,s0046.m4a,ni5.mp3
47,no6,74,14.8%,s0047.m4a,no6.mp3
48,si3,72,15.0%,s0048.m4a,si3.mp3
49,ze2,72,15.2%,s0049.m4a,ze2.mp3
50,ciang5,71,15.5%,s0050.m4a,ciang5.mp3
51,gong1,71,15.7%,s0051.m4a,gong1.mp3
52,hong1,71,15.9%,s0052.m4a,hong1.mp3
53,piou1,71,16.1%,s0053.m4a,piou1.mp3
54,sim1,71,16.3%,s0054.m4a,sim1.mp3
55,sog4,71,16.5%,s0055.m4a,sog4.mp3
56,gog4,70,16.7%,s0056.m4a,gog4.mp3
57,dêg8,69,17.0%,s0057.m4a,dêg8.mp3
58,di7,68,17.2%,s0058.m4a,di7.mp3
59,iu5,68,17.4%,s0059.m4a,iu5.mp3
60,liu5,68,17.6%,s0060.m4a,liu5.mp3
61,dua7,66,17.8%,s0061.m4a,dua7.mp3
62,pêng5,66,18.0%,s0062.m4a,pêng5.mp3
63,tiêng1,66,18.2%,s0063.m4a,tiêng1.mp3
64,gia1,65,18.4%,s0064.m4a,gia1.mp3
65,hu1,65,18.6%,s0065.m4a,hu1.mp3
66,goi2,64,18.8%,s0066.m4a,goi2.mp3
67,hang5,64,19.0%,s0067.m4a,hang5.mp3
68,ho2,64,19.1%,s0068.m4a,ho2.mp3
69,tuêng5,64,19.3%,s0069.m4a,tuêng5.mp3
70,miêng2,63,19.5%,s0070.m4a,miêng2.mp3
71,tang5,63,19.7%,s0071.m4a,tang5.mp3
72,ki3,62,19.9%,s0072.m4a,ki3.mp3
73,li5,62,20.1%,s0073.m4a,li5.mp3
74,êng3,62,20.3%,s0074.m4a,êng3.mp3
75,ag4,61,20.5%,s0075.m4a,ag4.mp3
76,dang6,61,20.7%,s0076.m4a,dang6.mp3
77,gai3,61,20.8%,s0077.m4a,gai3.mp3
78,ziang2,61,21.0%,s0078.m4a,ziang2.mp3
79,bho5,60,21.2%,s0079.m4a,bho5.mp3
80,hog4,60,21.4%,s0080.m4a,hog4.mp3
81,huê6,60,21.6%,s0081.m4a,huê6.mp3
82,ri6,60,21.7%,s0082.m4a,ri6.mp3
83,sên1,60,21.9%,s0083.m4a,sên1.mp3
84,sêng6,59,22.1%,s0084.m4a,sêng6.mp3
85,ziang3,59,22.3%,s0085.m4a,ziang3.mp3
86,bêh4,58,22.5%,s0086.m4a,bêh4.mp3
87,giêng3,58,22.6%,s0087.m4a,giêng3.mp3
88,hia6,58,22.8%,s0088.m4a,hia6.mp3
89,huêng5,58,23.0%,s0089.m4a,huêng5.mp3
90,iong5,58,23.2%,s0090.m4a,iong5.mp3
91,ziang1,58,23.3%,s0091.m4a,ziang1.mp3
92,tao5,57,23.5%,s0092.m4a,tao5.mp3
93,tiou5,57,23.7%,s0093.m4a,tiou5.mp3
94,ang1,56,23.9%,s0094.m4a,ang1.mp3
95,hu5,56,24.0%,s0095.m4a,hu5.mp3
96,log8,56,24.2%,s0096.m4a,log8.mp3
97,sêng1,56,24.4%,s0097.m4a,sêng1.mp3
98,san1,55,24.5%,s0098.m4a,san1.mp3
99,zêh4,55,24.7%,s0099.m4a,zêh4.mp3
100,i3,54,24.9%,s0100.m4a,i3.mp3
101,ig4,54,25.0%,s0101.m4a,ig4.mp3
102,li6,54,25.2%,s0102.m4a,li6.mp3
103,siang6,54,25.3%,s0103.m4a,siang6.mp3
104,ê6,54,25.5%,s0104.m4a,ê6.mp3
105,deng5,53,25.7%,s0105.m4a,deng5.mp3
106,hua5,53,25.8%,s0106.m4a,hua5.mp3
107,iang5,53,26.0%,s0107.m4a,iang5.mp3
108,ru5,53,26.2%,s0108.m4a,ru5.mp3
109,se1,53,26.3%,s0109.m4a,se1.mp3
110,si6,53,26.5%,s0110.m4a,si6.mp3
111,zui2,53,26.6%,s0111.m4a,zui2.mp3
112,dao6,52,26.8%,s0112.m4a,dao6.mp3
113,kiang5,52,26.9%,s0113.m4a,kiang5.mp3
114,bang1,51,27.1%,s0114.m4a,bang1.mp3
115,cug4,51,27.3%,s0115.m4a,cug4.mp3
116,ciu2,50,27.4%,s0116.m4a,ciu2.mp3
117,hu6,50,27.6%,s0117.m4a,hu6.mp3
118,liang2,50,27.7%,s0118.m4a,liang2.mp3
119,lug8,50,27.9%,s0119.m4a,lug8.mp3
120,mêng5,50,28.0%,s0120.m4a,mêng5.mp3
121,si5,50,28.2%,s0121.m4a,si5.mp3
122,zu1,50,28.3%,s0122.m4a,zu1.mp3
123,zêng3,50,28.5%,s0123.m4a,zêng3.mp3
124,êg8,50,28.6%,s0124.m4a,êg8.mp3
125,biêng3,49,28.8%,s0125.m4a,biêng3.mp3
126,biêng6,49,28.9%,s0126.m4a,biêng6.mp3
127,duêng6,49,29.1%,s0127.m4a,duêng6.mp3
128,gao3,49,29.2%,s0128.m4a,gao3.mp3
129,gou2,49,29.4%,s0129.m4a,gou2.mp3
130,kêg4,49,29.5%,s0130.m4a,kêg4.mp3
131,re2,49,29.7%,s0131.m4a,re2.mp3
132,si1,49,29.8%,s0132.m4a,si1.mp3
133,siou1,49,30.0%,s0133.m4a,siou1.mp3
134,u6,49,30.1%,s0134.m4a,u6.mp3
135,huang5,48,30.2%,s0135.m4a,huang5.mp3
136,hui1,48,30.4%,s0136.m4a,hui1.mp3
137,ki2,48,30.5%,s0137.m4a,ki2.mp3
138,liêng5,48,30.7%,s0138.m4a,liêng5.mp3
139,tug4,48,30.8%,s0139.m4a,tug4.mp3
140,ziê1,48,31.0%,s0140.m4a,ziê1.mp3
141,deng1,47,31.1%,s0141.m4a,deng1.mp3
142,in2,47,31.3%,s0142.m4a,in2.mp3
143,suan1,47,31.4%,s0143.m4a,suan1.mp3
144,zu6,47,31.5%,s0144.m4a,zu6.mp3
145,hng1,46,31.7%,s0145.m4a,hng1.mp3
146,kai1,46,31.8%,s0146.m4a,kai1.mp3
147,gang3,45,32.0%,s0147.m4a,gang3.mp3
148,huê3,45,32.1%,s0148.m4a,huê3.mp3
149,hêng5,45,32.2%,s0149.m4a,hêng5.mp3
150,kao2,45,32.4%,s0150.m4a,kao2.mp3
151,ui7,45,32.5%,s0151.m4a,ui7.mp3
152,zab8,45,32.6%,s0152.m4a,zab8.mp3
153,bhung5,44,32.8%,s0153.m4a,bhung5.mp3
154,gi3,44,32.9%,s0154.m4a,gi3.mp3
155,i1,44,33.0%,s0155.m4a,i1.mp3
156,kui1,44,33.2%,s0156.m4a,kui1.mp3
157,lao5,44,33.3%,s0157.m4a,lao5.mp3
158,ring5,44,33.4%,s0158.m4a,ring5.mp3
159,sai3,44,33.6%,s0159.m4a,sai3.mp3
160,zih4,44,33.7%,s0160.m4a,zih4.mp3
161,zin1,44,33.8%,s0161.m4a,zin1.mp3
162,buê3,43,34.0%,s0162.m4a,buê3.mp3
163,buêg8,43,34.1%,s0163.m4a,buêg8.mp3
164,cong1,43,34.2%,s0164.m4a,cong1.mp3
165,dêng5,43,34.4%,s0165.m4a,dêng5.mp3
166,hi1,43,34.5%,s0166.m4a,hi1.mp3
167,lam5,43,34.6%,s0167.m4a,lam5.mp3
168,lou7,43,34.7%,s0168.m4a,lou7.mp3
169,sai1,43,34.9%,s0169.m4a,sai1.mp3
170,siou3,43,35.0%,s0170.m4a,siou3.mp3
171,siên3,43,35.1%,s0171.m4a,siên3.mp3
172,hung7,42,35.3%,s0172.m4a,hung7.mp3
173,hêg4,42,35.4%,s0173.m4a,hêg4.mp3
174,piêng3,42,35.5%,s0174.m4a,piêng3.mp3
175,tui1,42,35.6%,s0175.m4a,tui1.mp3
176,geng2,41,35.8%,s0176.m4a,geng2.mp3
177,iêng2,41,35.9%,s0177.m4a,iêng2.mp3
178,se7,41,36.0%,s0178.m4a,se7.mp3
179,tong5,41,36.1%,s0179.m4a,tong5.mp3
180,ciu1,40,36.3%,s0180.m4a,ciu1.mp3
181,cuêng5,40,36.4%,s0181.m4a,cuêng5.mp3
182,gê1,40,36.5%,s0182.m4a,gê1.mp3
183,ham5,40,36.6%,s0183.m4a,ham5.mp3
184,huê2,40,36.7%,s0184.m4a,huê2.mp3
185,iog8,40,36.9%,s0185.m4a,iog8.mp3
186,ko2,40,37.0%,s0186.m4a,ko2.mp3
187,rig8,40,37.1%,s0187.m4a,rig8.mp3
188,rim6,40,37.2%,s0188.m4a,rim6.mp3
189,uang5,40,37.4%,s0189.m4a,uang5.mp3
190,zoih4,40,37.5%,s0190.m4a,zoih4.mp3
191,dang3,39,37.6%,s0191.m4a,dang3.mp3
192,huan1,39,37.7%,s0192.m4a,huan1.mp3
193,mo5,39,37.8%,s0193.m4a,mo5.mp3
194,riêg8,39,37.9%,s0194.m4a,riêg8.mp3
195,rui6,39,38.1%,s0195.m4a,rui6.mp3
196,uan1,39,38.2%,s0196.m4a,uan1.mp3
197,ziu1,39,38.3%,s0197.m4a,ziu1.mp3
198,ain3,38,38.4%,s0198.m4a,ain3.mp3
199,bang3,38,38.5%,s0199.m4a,bang3.mp3
200,guan1,38,38.6%,s0200.m4a,guan1.mp3
201,huang2,38,38.8%,s0201.m4a,huang2.mp3
202,mong5,38,38.9%,s0202.m4a,mong5.mp3
203,si2,38,39.0%,s0203.m4a,si2.mp3
204,sên3,38,39.1%,s0204.m4a,sên3.mp3
205,zab4,38,39.2%,s0205.m4a,zab4.mp3
206,zu2,38,39.3%,s0206.m4a,zu2.mp3
207,bi6,37,39.4%,s0207.m4a,bi6.mp3
208,bian1,37,39.6%,s0208.m4a,bian1.mp3
209,di1,37,39.7%,s0209.m4a,di1.mp3
210,geng1,37,39.8%,s0210.m4a,geng1.mp3
211,guê3,37,39.9%,s0211.m4a,guê3.mp3
212,guêng3,37,40.0%,s0212.m4a,guêng3.mp3
213,huang3,37,40.1%,s0213.m4a,huang3.mp3
214,kang1,37,40.2%,s0214.m4a,kang1.mp3
215,ku1,37,40.3%,s0215.m4a,ku1.mp3
216,lo5,37,40.5%,s0216.m4a,lo5.mp3
217,se6,37,40.6%,s0217.m4a,se6.mp3
218,zêng2,37,40.7%,s0218.m4a,zêng2.mp3
219,bhê2,36,40.8%,s0219.m4a,bhê2.mp3
220,do7,36,40.9%,s0220.m4a,do7.mp3
221,ga3,36,41.0%,s0221.m4a,ga3.mp3
222,gi2,36,41.1%,s0222.m4a,gi2.mp3
223,gian2,36,41.2%,s0223.m4a,gian2.mp3
224,gung1,36,41.3%,s0224.m4a,gung1.mp3
225,hui3,36,41.4%,s0225.m4a,hui3.mp3
226,lang7,36,41.5%,s0226.m4a,lang7.mp3
227,mig8,36,41.7%,s0227.m4a,mig8.mp3
228,re5,36,41.8%,s0228.m4a,re5.mp3
229,sag4,36,41.9%,s0229.m4a,sag4.mp3
230,sung5,36,42.0%,s0230.m4a,sung5.mp3
231,tai3,36,42.1%,s0231.m4a,tai3.mp3
232,tin1,36,42.2%,s0232.m4a,tin1.mp3
233,ui2,36,42.3%,s0233.m4a,ui2.mp3
234,ziou1,36,42.4%,s0234.m4a,ziou1.mp3
235,ziêng2,36,42.5%,s0235.m4a,ziêng2.mp3
236,ba1,35,42.6%,s0236.m4a,ba1.mp3
237,do1,35,42.7%,s0237.m4a,do1.mp3
238,i5,35,42.8%,s0238.m4a,i5.mp3
239,liou3,35,43.0%,s0239.m4a,liou3.mp3
240,mog8,35,43.1%,s0240.m4a,mog8.mp3
241,cia1,34,43.2%,s0241.m4a,cia1.mp3
242,diêh4,34,43.3%,s0242.m4a,diêh4.mp3
243,huêg4,34,43.4%,s0243.m4a,huêg4.mp3
244,kiêg4,34,43.5%,s0244.m4a,kiêg4.mp3
245,sig8,34,43.6%,s0245.m4a,sig8.mp3
246,sog8,34,43.7%,s0246.m4a,sog8.mp3
247,uêng5,34,43.8%,s0247.m4a,uêng5.mp3
248,zig4,34,43.9%,s0248.m4a,zig4.mp3
249,cu3,33,44.0%,s0249.m4a,cu3.mp3
250,di3,33,44.1%,s0250.m4a,di3.mp3
251,dig4,33,44.2%,s0251.m4a,dig4.mp3
252,diêg4,33,44.3%,s0252.m4a,diêg4.mp3
253,dong3,33,44.4%,s0253.m4a,dong3.mp3
254,ming5,33,44.5%,s0254.m4a,ming5.mp3
255,muêh8,33,44.6%,s0255.m4a,muêh8.mp3
256,siu1,33,44.7%,s0256.m4a,siu1.mp3
257,ao6,32,44.8%,s0257.m4a,ao6.mp3
258,bi3,32,44.9%,s0258.m4a,bi3.mp3
259,buan5,32,45.0%,s0259.m4a,buan5.mp3
260,cang1,32,45.1%,s0260.m4a,cang1.mp3
261,dog8,32,45.2%,s0261.m4a,dog8.mp3
262,gi6,32,45.3%,s0262.m4a,gi6.mp3
263,guang1,32,45.4%,s0263.m4a,guang1.mp3
264,gui1,32,45.5%,s0264.m4a,gui1.mp3
265,hiab8,32,45.6%,s0265.m4a,hiab8.mp3
266,hong5,32,45.7%,s0266.m4a,hong5.mp3
267,ing1,32,45.7%,s0267.m4a,ing1.mp3
268,kag4,32,45.8%,s0268.m4a,kag4.mp3
269,mian5,32,45.9%,s0269.m4a,mian5.mp3
270,neng2,32,46.0%,s0270.m4a,neng2.mp3
271,pog4,32,46.1%,s0271.m4a,pog4.mp3
272,puêng3,32,46.2%,s0272.m4a,puêng3.mp3
273,rui5,32,46.3%,s0273.m4a,rui5.mp3
274,siên5,32,46.4%,s0274.m4a,siên5.mp3
275,su3,32,46.5%,s0275.m4a,su3.mp3
276,bi2,31,46.6%,s0276.m4a,bi2.mp3
277,cuêng1,31,46.7%,s0277.m4a,cuêng1.mp3
278,da2,31,46.8%,s0278.m4a,da2.mp3
279,diêng6,31,46.9%,s0279.m4a,diêng6.mp3
280,ge2,31,47.0%,s0280.m4a,ge2.mp3
281,ge6,31,47.1%,s0281.m4a,ge6.mp3
282,gu3,31,47.2%,s0282.m4a,gu3.mp3
283,guai3,31,47.3%,s0283.m4a,guai3.mp3
284,hug4,31,47.4%,s0284.m4a,hug4.mp3
285,hêng6,31,47.5%,s0285.m4a,hêng6.mp3
286,iên5,31,47.6%,s0286.m4a,iên5.mp3
287,lai7,31,47.6%,s0287.m4a,lai7.mp3
288,liou2,31,47.7%,s0288.m4a,liou2.mp3
289,mi5,31,47.8%,s0289.m4a,mi5.mp3
290,mêng6,31,47.9%,s0290.m4a,mêng6.mp3
291,seng1,31,48.0%,s0291.m4a,seng1.mp3
292,sing5,31,48.1%,s0292.m4a,sing5.mp3
293,têng5,31,48.2%,s0293.m4a,têng5.mp3
294,zai1,31,48.3%,s0294.m4a,zai1.mp3
295,zai3,31,48.4%,s0295.m4a,zai3.mp3
296,ze6,31,48.5%,s0296.m4a,ze6.mp3
297,zian3,31,48.6%,s0297.m4a,zian3.mp3
298,zuang1,31,48.7%,s0298.m4a,zuang1.mp3
299,bang2,30,48.8%,s0299.m4a,bang2.mp3
300,bhu2,30,48.9%,s0300.m4a,bhu2.mp3
301,bhuêng7,30,49.0%,s0301.m4a,bhuêng7.mp3
302,biêng1,30,49.0%,s0302.m4a,biêng1.mp3
303,cai5,30,49.1%,s0303.m4a,cai5.mp3
304,coin1,30,49.2%,s0304.m4a,coin1.mp3
305,gim1,30,49.3%,s0305.m4a,gim1.mp3
306,guêg4,30,49.4%,s0306.m4a,guêg4.mp3
307,guêng2,30,49.5%,s0307.m4a,guêng2.mp3
308,lao6,30,49.6%,s0308.m4a,lao6.mp3
309,lim5,30,49.7%,s0309.m4a,lim5.mp3
310,pang5,30,49.8%,s0310.m4a,pang5.mp3
311,rim2,30,49.9%,s0311.m4a,rim2.mp3
312,sang3,30,50.0%,s0312.m4a,sang3.mp3
313,sian1,30,50.0%,s0313.m4a,sian1.mp3
314,siu2,30,50.1%,s0314.m4a,siu2.mp3
315,toin2,30,50.2%,s0315.m4a,toin2.mp3
316,ci3,29,50.3%,s0316.m4a,ci3.mp3
317,cong5,29,50.4%,s0317.m4a,cong5.mp3
318,cêg4,29,50.5%,s0318.m4a,cêg4.mp3
319,dag8,29,50.6%,s0319.m4a,dag8.mp3
320,diam2,29,50.7%,s0320.m4a,diam2.mp3
321,gao2,29,50.7%,s0321.m4a,gao2.mp3
322,hai2,29,50.8%,s0322.m4a,hai2.mp3
323,hao1,29,50.9%,s0323.m4a,hao1.mp3
324,huê1,29,51.0%,s0324.m4a,huê1.mp3
325,kua3,29,51.1%,s0325.m4a,kua3.mp3
326,liag8,29,51.2%,s0326.m4a,liag8.mp3
327,liou5,29,51.3%,s0327.m4a,liou5.mp3
328,mung5,29,51.4%,s0328.m4a,mung5.mp3
329,niê5,29,51.5%,s0329.m4a,niê5.mp3
330,riêng5,29,51.5%,s0330.m4a,riêng5.mp3
331,tu5,29,51.6%,s0331.m4a,tu5.mp3
332,zang1,29,51.7%,s0332.m4a,zang1.mp3
333,zong1,29,51.8%,s0333.m4a,zong1.mp3
334,êng1,29,51.9%,s0334.m4a,êng1.mp3
335,biêg8,28,52.0%,s0335.m4a,biêg8.mp3
336,bo2,28,52.1%,s0336.m4a,bo2.mp3
337,gang2,28,52.1%,s0337.m4a,gang2.mp3
338,giêng6,28,52.2%,s0338.m4a,giêng6.mp3
339,guang2,28,52.3%,s0339.m4a,guang2.mp3
340,ho5,28,52.4%,s0340.m4a,ho5.mp3
341,hou6,28,52.5%,s0341.m4a,hou6.mp3
342,mo7,28,52.6%,s0342.m4a,mo7.mp3
343,se5,28,52.7%,s0343.m4a,se5.mp3
344,siou2,28,52.7%,s0344.m4a,siou2.mp3
345,suêh4,28,52.8%,s0345.m4a,suêh4.mp3
346,ti5,28,52.9%,s0346.m4a,ti5.mp3
347,ziah4,28,53.0%,s0347.m4a,ziah4.mp3
348,ziah8,28,53.1%,s0348.m4a,ziah8.mp3
349,ziu6,28,53.2%,s0349.m4a,ziu6.mp3
350,zuêng2,28,53.2%,s0350.m4a,zuêng2.mp3
351,êng7,28,53.3%,s0351.m4a,êng7.mp3
352,a1,27,53.4%,s0352.m4a,a1.mp3
353,bing2,27,53.5%,s0353.m4a,bing2.mp3
354,biê1,27,53.6%,s0354.m4a,biê1.mp3
355,ca1,27,53.7%,s0355.m4a,ca1.mp3
356,do2,27,53.7%,s0356.m4a,do2.mp3
357,do6,27,53.8%,s0357.m4a,do6.mp3
358,ghuêh8,27,53.9%,s0358.m4a,ghuêh8.mp3
359,hah8,27,54.0%,s0359.m4a,hah8.mp3
360,he2,27,54.1%,s0360.m4a,he2.mp3
361,hiêng5,27,54.1%,s0361.m4a,hiêng5.mp3
362,ka2,27,54.2%,s0362.m4a,ka2.mp3
363,kuêh4,27,54.3%,s0363.m4a,kuêh4.mp3
364,mung2,27,54.4%,s0364.m4a,mung2.mp3
365,ngiêng5,27,54.5%,s0365.m4a,ngiêng5.mp3
366,ping5,27,54.6%,s0366.m4a,ping5.mp3
367,pou2,27,54.6%,s0367.m4a,pou2.mp3
368,puêng5,27,54.7%,s0368.m4a,puêng5.mp3
369,riang6,27,54.8%,s0369.m4a,riang6.mp3
370,sia7,27,54.9%,s0370.m4a,sia7.mp3
371,ti2,27,55.0%,s0371.m4a,ti2.mp3
372,zeng1,27,55.0%,s0372.m4a,zeng1.mp3
373,zing1,27,55.1%,s0373.m4a,zing1.mp3
374,ziêng3,27,55.2%,s0374.m4a,ziêng3.mp3
375,bag4,26,55.3%,s0375.m4a,bag4.mp3
376,cang5,26,55.4%,s0376.m4a,cang5.mp3
377,cui3,26,55.4%,s0377.m4a,cui3.mp3
378,cên1,26,55.5%,s0378.m4a,cên1.mp3
379,gou3,26,55.6%,s0379.m4a,gou3.mp3
380,hai6,26,55.7%,s0380.m4a,hai6.mp3
381,he5,26,55.8%,s0381.m4a,he5.mp3
382,huêng1,26,55.8%,s0382.m4a,huêng1.mp3
383,iêh4,26,55.9%,s0383.m4a,iêh4.mp3
384,iêng6,26,56.0%,s0384.m4a,iêng6.mp3
385,lao2,26,56.1%,s0385.m4a,lao2.mp3
386,lu5,26,56.2%,s0386.m4a,lu5.mp3
387,lêh8,26,56.2%,s0387.m4a,lêh8.mp3
388,pah4,26,56.3%,s0388.m4a,pah4.mp3
389,so2,26,56.4%,s0389.m4a,so2.mp3
390,sui5,26,56.5%,s0390.m4a,sui5.mp3
391,u1,26,56.5%,s0391.m4a,u1.mp3
392,zing3,26,56.6%,s0392.m4a,zing3.mp3
393,ang5,25,56.7%,s0393.m4a,ang5.mp3
394,bu3,25,56.8%,s0394.m4a,bu3.mp3
395,ceng1,25,56.9%,s0395.m4a,ceng1.mp3
396,cêng5,25,56.9%,s0396.m4a,cêng5.mp3
397,diêng2,25,57.0%,s0397.m4a,diêng2.mp3
398,dui3,25,57.1%,s0398.m4a,dui3.mp3
399,gai5,25,57.2%,s0399.m4a,gai5.mp3
400,gou1,25,57.2%,s0400.m4a,gou1.mp3
401,gê3,25,57.3%,s0401.m4a,gê3.mp3
402,hag4,25,57.4%,s0402.m4a,hag4.mp3
403,hu3,25,57.5%,s0403.m4a,hu3.mp3
404,iou5,25,57.5%,s0404.m4a,iou5.mp3
405,kiu5,25,57.6%,s0405.m4a,kiu5.mp3
406,liêg8,25,57.7%,s0406.m4a,liêg8.mp3
407,long5,25,57.8%,s0407.m4a,long5.mp3
408,mui2,25,57.8%,s0408.m4a,mui2.mp3
409,o1,25,57.9%,s0409.m4a,o1.mp3
410,rib8,25,58.0%,s0410.m4a,rib8.mp3
411,sib8,25,58.1%,s0411.m4a,sib8.mp3
412,siêng6,25,58.1%,s0412.m4a,siêng6.mp3
413,suah4,25,58.2%,s0413.m4a,suah4.mp3
414,suang1,25,58.3%,s0414.m4a,suang1.mp3
415,têg4,25,58.4%,s0415.m4a,têg4.mp3
416,ug4,25,58.4%,s0416.m4a,ug4.mp3
417,ung7,25,58.5%,s0417.m4a,ung7.mp3
418,zib8,25,58.6%,s0418.m4a,zib8.mp3
419,zo6,25,58.7%,s0419.m4a,zo6.mp3
420,ceng3,24,58.7%,s0420.m4a,ceng3.mp3
421,cung1,24,58.8%,s0421.m4a,cung1.mp3
422,diou7,24,58.9%,s0422.m4a,diou7.mp3
423,goi1,24,59.0%,s0423.m4a,goi1.mp3
424,gu1,24,59.0%,s0424.m4a,gu1.mp3
425,gui2,24,59.1%,s0425.m4a,gui2.mp3
426,gê2,24,59.2%,s0426.m4a,gê2.mp3
427,hi6,24,59.2%,s0427.m4a,hi6.mp3
428,hu2,24,59.3%,s0428.m4a,hu2.mp3
429,huab4,24,59.4%,s0429.m4a,huab4.mp3
430,lui2,24,59.5%,s0430.m4a,lui2.mp3
431,ngang5,24,59.5%,s0431.m4a,ngang5.mp3
432,piêng1,24,59.6%,s0432.m4a,piêng1.mp3
433,pêg4,24,59.7%,s0433.m4a,pêg4.mp3
434,ui1,24,59.8%,s0434.m4a,ui1.mp3
435,zang3,24,59.8%,s0435.m4a,zang3.mp3
436,zia2,24,59.9%,s0436.m4a,zia2.mp3
437,big4,23,60.0%,s0437.m4a,big4.mp3
438,bêh8,23,60.0%,s0438.m4a,bêh8.mp3
439,cam1,23,60.1%,s0439.m4a,cam1.mp3
440,cang3,23,60.2%,s0440.m4a,cang3.mp3
441,ce2,23,60.3%,s0441.m4a,ce2.mp3
442,ci1,23,60.3%,s0442.m4a,ci1.mp3
443,ciou2,23,60.4%,s0443.m4a,ciou2.mp3
444,cog4,23,60.5%,s0444.m4a,cog4.mp3
445,deng6,23,60.5%,s0445.m4a,deng6.mp3
446,gam3,23,60.6%,s0446.m4a,gam3.mp3
447,goi3,23,60.7%,s0447.m4a,goi3.mp3
448,gêg8,23,60.7%,s0448.m4a,gêg8.mp3
449,hiog4,23,60.8%,s0449.m4a,hiog4.mp3
450,huê5,23,60.9%,s0450.m4a,huê5.mp3
451,huêg8,23,60.9%,s0451.m4a,huêg8.mp3
452,iag4,23,61.0%,s0452.m4a,iag4.mp3
453,kou2,23,61.1%,s0453.m4a,kou2.mp3
454,mang5,23,61.2%,s0454.m4a,mang5.mp3
455,mi7,23,61.2%,s0455.m4a,mi7.mp3
456,nai6,23,61.3%,s0456.m4a,nai6.mp3
457,pu5,23,61.4%,s0457.m4a,pu5.mp3
458,riag8,23,61.4%,s0458.m4a,riag8.mp3
459,sian5,23,61.5%,s0459.m4a,sian5.mp3
460,sim2,23,61.6%,s0460.m4a,sim2.mp3
461,sing3,23,61.6%,s0461.m4a,sing3.mp3
462,siê1,23,61.7%,s0462.m4a,siê1.mp3
463,suêng5,23,61.8%,s0463.m4a,suêng5.mp3
464,ti3,23,61.9%,s0464.m4a,ti3.mp3
465,ting5,23,61.9%,s0465.m4a,ting5.mp3
466,to5,23,62.0%,s0466.m4a,to5.mp3
467,têng2,23,62.1%,s0467.m4a,têng2.mp3
468,za1,23,62.1%,s0468.m4a,za1.mp3
469,ziêng1,23,62.2%,s0469.m4a,ziêng1.mp3
470,ah4,22,62.3%,s0470.m4a,ah4.mp3
471,bao1,22,62.3%,s0471.m4a,bao1.mp3
472,boh8,22,62.4%,s0472.m4a,boh8.mp3
473,bou6,22,62.5%,s0473.m4a,bou6.mp3
474,buan3,22,62.5%,s0474.m4a,buan3.mp3
475,buê6,22,62.6%,s0475.m4a,buê6.mp3
476,cag4,22,62.7%,s0476.m4a,cag4.mp3
477,di2,22,62.7%,s0477.m4a,di2.mp3
478,diou1,22,62.8%,s0478.m4a,diou1.mp3
479,dog4,22,62.9%,s0479.m4a,dog4.mp3
480,dêg4,22,62.9%,s0480.m4a,dêg4.mp3
481,ghua7,22,63.0%,s0481.m4a,ghua7.mp3
482,go1,22,63.1%,s0482.m4a,go1.mp3
483,gêg4,22,63.1%,s0483.m4a,gêg4.mp3
484,huam6,22,63.2%,s0484.m4a,huam6.mp3
485,hêng1,22,63.3%,s0485.m4a,hêng1.mp3
486,kuê1,22,63.3%,s0486.m4a,kuê1.mp3
487,lui7,22,63.4%,s0487.m4a,lui7.mp3
488,lêg8,22,63.5%,s0488.m4a,lêg8.mp3
489,mian7,22,63.5%,s0489.m4a,mian7.mp3
490,ngiab8,22,63.6%,s0490.m4a,ngiab8.mp3
491,siêg4,22,63.7%,s0491.m4a,siêg4.mp3
492,uê7,22,63.7%,s0492.m4a,uê7.mp3
493,ziang6,22,63.8%,s0493.m4a,ziang6.mp3
494,ziêh8,22,63.9%,s0494.m4a,ziêh8.mp3
495,bou7,21,63.9%,s0495.m4a,bou7.mp3
496,ce5,21,64.0%,s0496.m4a,ce5.mp3
497,ga1,21,64.1%,s0497.m4a,ga1.mp3
498,gian1,21,64.1%,s0498.m4a,gian1.mp3
499,gêng3,21,64.2%,s0499.m4a,gêng3.mp3
500,haon3,21,64.2%,s0500.m4a,haon3.mp3
501,hou5,21,64.3%,s0501.m4a,hou5.mp3
502,i2,21,64.4%,s0502.m4a,i2.mp3
503,iou1,21,64.4%,s0503.m4a,iou1.mp3
504,lah8,21,64.5%,s0504.m4a,lah8.mp3
505,loh8,21,64.6%,s0505.m4a,loh8.mp3
506,ngi6,21,64.6%,s0506.m4a,ngi6.mp3
507,sang1,21,64.7%,s0507.m4a,sang1.mp3
508,tai5,21,64.8%,s0508.m4a,tai5.mp3
509,tam5,21,64.8%,s0509.m4a,tam5.mp3
510,tiou1,21,64.9%,s0510.m4a,tiou1.mp3
511,tong3,21,64.9%,s0511.m4a,tong3.mp3
512,ua1,21,65.0%,s0512.m4a,ua1.mp3
513,uêng2,21,65.1%,s0513.m4a,uêng2.mp3
514,za3,21,65.1%,s0514.m4a,za3.mp3
515,zao6,21,65.2%,s0515.m4a,zao6.mp3
516,zih8,21,65.3%,s0516.m4a,zih8.mp3
517,ang3,20,65.3%,s0517.m4a,ang3.mp3
518,bhag8,20,65.4%,s0518.m4a,bhag8.mp3
519,bhuêng6,20,65.4%,s0519.m4a,bhuêng6.mp3
520,bung2,20,65.5%,s0520.m4a,bung2.mp3
521,ciang1,20,65.6%,s0521.m4a,ciang1.mp3
522,cing1,20,65.6%,s0522.m4a,cing1.mp3
523,ciou5,20,65.7%,s0523.m4a,ciou5.mp3
524,dang2,20,65.7%,s0524.m4a,dang2.mp3
525,dian7,20,65.8%,s0525.m4a,dian7.mp3
526,diêng1,20,65.9%,s0526.m4a,diêng1.mp3
527,dou7,20,65.9%,s0527.m4a,dou7.mp3
528,dua3,20,66.0%,s0528.m4a,dua3.mp3
529,dêng3,20,66.0%,s0529.m4a,dêng3.mp3
530,ghaoh8,20,66.1%,s0530.m4a,ghaoh8.mp3
531,gên1,20,66.2%,s0531.m4a,gên1.mp3
532,hing7,20,66.2%,s0532.m4a,hing7.mp3
533,hiên1,20,66.3%,s0533.m4a,hiên1.mp3
534,iu2,20,66.4%,s0534.m4a,iu2.mp3
535,iêh8,20,66.4%,s0535.m4a,iêh8.mp3
536,ke3,20,66.5%,s0536.m4a,ke3.mp3
537,kib4,20,66.5%,s0537.m4a,kib4.mp3
538,king1,20,66.6%,s0538.m4a,king1.mp3
539,kong2,20,66.7%,s0539.m4a,kong2.mp3
540,liang5,20,66.7%,s0540.m4a,liang5.mp3
541,lib8,20,66.8%,s0541.m4a,lib8.mp3
542,lou5,20,66.8%,s0542.m4a,lou5.mp3
543,ngao5,20,66.9%,s0543.m4a,ngao5.mp3
544,ngaoh8,20,67.0%,s0544.m4a,ngaoh8.mp3
545,ngo5,20,67.0%,s0545.m4a,ngo5.mp3
546,ri7,20,67.1%,s0546.m4a,ri7.mp3
547,sig4,20,67.1%,s0547.m4a,sig4.mp3
548,so1,20,67.2%,s0548.m4a,so1.mp3
549,suan2,20,67.3%,s0549.m4a,suan2.mp3
550,tag4,20,67.3%,s0550.m4a,tag4.mp3
551,ung2,20,67.4%,s0551.m4a,ung2.mp3
552,ung5,20,67.4%,s0552.m4a,ung5.mp3
553,zoin5,20,67.5%,s0553.m4a,zoin5.mp3
554,zuêng1,20,67.6%,s0554.m4a,zuêng1.mp3
555,bing1,19,67.6%,s0555.m4a,bing1.mp3
556,cai3,19,67.7%,s0556.m4a,cai3.mp3
557,cim5,19,67.7%,s0557.m4a,cim5.mp3
558,co2,19,67.8%,s0558.m4a,co2.mp3
559,cu2,19,67.8%,s0559.m4a,cu2.mp3
560,dao2,19,67.9%,s0560.m4a,dao2.mp3
561,di6,19,68.0%,s0561.m4a,di6.mp3
562,gah4,19,68.0%,s0562.m4a,gah4.mp3
563,ge1,19,68.1%,s0563.m4a,ge1.mp3
564,gig4,19,68.1%,s0564.m4a,gig4.mp3
565,go2,19,68.2%,s0565.m4a,go2.mp3
566,gu2,19,68.3%,s0566.m4a,gu2.mp3
567,gu6,19,68.3%,s0567.m4a,gu6.mp3
568,hiêh8,19,68.4%,s0568.m4a,hiêh8.mp3
569,iam2,19,68.4%,s0569.m4a,iam2.mp3
570,iang2,19,68.5%,s0570.m4a,iang2.mp3
571,im1,19,68.5%,s0571.m4a,im1.mp3
572,ing2,19,68.6%,s0572.m4a,ing2.mp3
573,iu7,19,68.7%,s0573.m4a,iu7.mp3
574,ko1,19,68.7%,s0574.m4a,ko1.mp3
575,la1,19,68.8%,s0575.m4a,la1.mp3
576,lang6,19,68.8%,s0576.m4a,lang6.mp3
577,le2,19,68.9%,s0577.m4a,le2.mp3
578,ling5,19,68.9%,s0578.m4a,ling5.mp3
579,ngou2,19,69.0%,s0579.m4a,ngou2.mp3
580,nêg8,19,69.1%,s0580.m4a,nêg8.mp3
581,rim7,19,69.1%,s0581.m4a,rim7.mp3
582,si7,19,69.2%,s0582.m4a,si7.mp3
583,siang3,19,69.2%,s0583.m4a,siang3.mp3
584,soin1,19,69.3%,s0584.m4a,soin1.mp3
585,song5,19,69.3%,s0585.m4a,song5.mp3
586,tang2,19,69.4%,s0586.m4a,tang2.mp3
587,tao1,19,69.5%,s0587.m4a,tao1.mp3
588,tian1,19,69.5%,s0588.m4a,tian1.mp3
589,ziêh4,19,69.6%,s0589.m4a,ziêh4.mp3
590,boih4,18,69.6%,s0590.m4a,boih4.mp3
591,buê1,18,69.7%,s0591.m4a,buê1.mp3
592,cin1,18,69.7%,s0592.m4a,cin1.mp3
593,cê1,18,69.8%,s0593.m4a,cê1.mp3
594,diê5,18,69.8%,s0594.m4a,diê5.mp3
595,do5,18,69.9%,s0595.m4a,do5.mp3
596,dui7,18,70.0%,s0596.m4a,dui7.mp3
597,gai1,18,70.0%,s0597.m4a,gai1.mp3
598,gam1,18,70.1%,s0598.m4a,gam1.mp3
599,gia2,18,70.1%,s0599.m4a,gia2.mp3
600,gib4,18,70.2%,s0600.m4a,gib4.mp3
601,giêg4,18,70.2%,s0601.m4a,giêg4.mp3
602,giêng1,18,70.3%,s0602.m4a,giêng1.mp3
603,gêng2,18,70.3%,s0603.m4a,gêng2.mp3
604,hui2,18,70.4%,s0604.m4a,hui2.mp3
605,iou3,18,70.4%,s0605.m4a,iou3.mp3
606,kab4,18,70.5%,s0606.m4a,kab4.mp3
607,su1,18,70.6%,s0607.m4a,su1.mp3
608,sug8,18,70.6%,s0608.m4a,sug8.mp3
609,suê3,18,70.7%,s0609.m4a,suê3.mp3
610,tiou3,18,70.7%,s0610.m4a,tiou3.mp3
611,ziam1,18,70.8%,s0611.m4a,ziam1.mp3
612,ziên1,18,70.8%,s0612.m4a,ziên1.mp3
613,zong2,18,70.9%,s0613.m4a,zong2.mp3
614,bai5,17,70.9%,s0614.m4a,bai5.mp3
615,bao6,17,71.0%,s0615.m4a,bao6.mp3
616,biou2,17,71.0%,s0616.m4a,biou2.mp3
617,cim1,17,71.1%,s0617.m4a,cim1.mp3
618,cing5,17,71.1%,s0618.m4a,cing5.mp3
619,co1,17,71.2%,s0619.m4a,co1.mp3
620,co3,17,71.2%,s0620.m4a,co3.mp3
621,deng7,17,71.3%,s0621.m4a,deng7.mp3
622,dung1,17,71.3%,s0622.m4a,dung1.mp3
623,dung6,17,71.4%,s0623.m4a,dung6.mp3
624,giang1,17,71.4%,s0624.m4a,giang1.mp3
625,gui3,17,71.5%,s0625.m4a,gui3.mp3
626,guê2,17,71.5%,s0626.m4a,guê2.mp3
627,huam5,17,71.6%,s0627.m4a,huam5.mp3
628,hêng3,17,71.7%,s0628.m4a,hêng3.mp3
629,iong3,17,71.7%,s0629.m4a,iong3.mp3
630,iêng1,17,71.8%,s0630.m4a,iêng1.mp3
631,kao3,17,71.8%,s0631.m4a,kao3.mp3
632,kui6,17,71.9%,s0632.m4a,kui6.mp3
633,lu2,17,71.9%,s0633.m4a,lu2.mp3
634,luêng6,17,72.0%,s0634.m4a,luêng6.mp3
635,mo6,17,72.0%,s0635.m4a,mo6.mp3
636,mên5,17,72.1%,s0636.m4a,mên5.mp3
637,nab8,17,72.1%,s0637.m4a,nab8.mp3
638,ngeg4,17,72.2%,s0638.m4a,ngeg4.mp3
639,ngeng5,17,72.2%,s0639.m4a,ngeng5.mp3
640,sao3,17,72.3%,s0640.m4a,sao3.mp3
641,siu3,17,72.3%,s0641.m4a,siu3.mp3
642,siên1,17,72.4%,s0642.m4a,siên1.mp3
643,su2,17,72.4%,s0643.m4a,su2.mp3
644,suê1,17,72.5%,s0644.m4a,suê1.mp3
645,toh4,17,72.5%,s0645.m4a,toh4.mp3
646,tong1,17,72.6%,s0646.m4a,tong1.mp3
647,zui6,17,72.6%,s0647.m4a,zui6.mp3
648,bi1,16,72.7%,s0648.m4a,bi1.mp3
649,bi7,16,72.7%,s0649.m4a,bi7.mp3
650,cai2,16,72.8%,s0650.m4a,cai2.mp3
651,cao3,16,72.8%,s0651.m4a,cao3.mp3
652,ciên6,16,72.9%,s0652.m4a,ciên6.mp3
653,dui1,16,72.9%,s0653.m4a,dui1.mp3
654,gam2,16,73.0%,s0654.m4a,gam2.mp3
655,goin3,16,73.0%,s0655.m4a,goin3.mp3
656,gêh4,16,73.1%,s0656.m4a,gêh4.mp3
657,hiang3,16,73.1%,s0657.m4a,hiang3.mp3
658,hung5,16,73.2%,s0658.m4a,hung5.mp3
659,huêng3,16,73.2%,s0659.m4a,huêng3.mp3
660,iab4,16,73.3%,s0660.m4a,iab4.mp3
661,kai2,16,73.3%,s0661.m4a,kai2.mp3
662,kou3,16,73.4%,s0662.m4a,kou3.mp3
663,mag8,16,73.4%,s0663.m4a,mag8.mp3
664,pai3,16,73.5%,s0664.m4a,pai3.mp3
665,pou1,16,73.5%,s0665.m4a,pou1.mp3
666,siêng2,16,73.5%,s0666.m4a,siêng2.mp3
667,song1,16,73.6%,s0667.m4a,song1.mp3
668,uêng1,16,73.6%,s0668.m4a,uêng1.mp3
669,ziêg4,16,73.7%,s0669.m4a,ziêg4.mp3
670,zung3,16,73.7%,s0670.m4a,zung3.mp3
671,zê2,16,73.8%,s0671.m4a,zê2.mp3
672,bi5,15,73.8%,s0672.m4a,bi5.mp3
673,bêg4,15,73.9%,s0673.m4a,bêg4.mp3
674,bêng6,15,73.9%,s0674.m4a,bêng6.mp3
675,ci5,15,74.0%,s0675.m4a,ci5.mp3
676,ciag4,15,74.0%,s0676.m4a,ciag4.mp3
677,ciam1,15,74.1%,s0677.m4a,ciam1.mp3
678,ciu5,15,74.1%,s0678.m4a,ciu5.mp3
679,ding7,15,74.2%,s0679.m4a,ding7.mp3
680,duêng3,15,74.2%,s0680.m4a,duêng3.mp3
681,dêng2,15,74.2%,s0681.m4a,dêng2.mp3
682,geng6,15,74.3%,s0682.m4a,geng6.mp3
683,ghê5,15,74.3%,s0683.m4a,ghê5.mp3
684,giu3,15,74.4%,s0684.m4a,giu3.mp3
685,gou6,15,74.4%,s0685.m4a,gou6.mp3
686,guan2,15,74.5%,s0686.m4a,guan2.mp3
687,gug4,15,74.5%,s0687.m4a,gug4.mp3
688,hao2,15,74.6%,s0688.m4a,hao2.mp3
689,hiang2,15,74.6%,s0689.m4a,hiang2.mp3
690,ho7,15,74.7%,s0690.m4a,ho7.mp3
691,ian5,15,74.7%,s0691.m4a,ian5.mp3
692,kui5,15,74.7%,s0692.m4a,kui5.mp3
693,kêng5,15,74.8%,s0693.m4a,kêng5.mp3
694,lui5,15,74.8%,s0694.m4a,lui5.mp3
695,mao6,15,74.9%,s0695.m4a,mao6.mp3
696,ngou6,15,74.9%,s0696.m4a,ngou6.mp3
697,niab4,15,75.0%,s0697.m4a,niab4.mp3
698,og4,15,75.0%,s0698.m4a,og4.mp3
699,pi2,15,75.1%,s0699.m4a,pi2.mp3
700,puah4,15,75.1%,s0700.m4a,puah4.mp3
701,sia5,15,75.2%,s0701.m4a,sia5.mp3
702,siang5,15,75.2%,s0702.m4a,siang5.mp3
703,siu6,15,75.2%,s0703.m4a,siu6.mp3
704,sung1,15,75.3%,s0704.m4a,sung1.mp3
705,tiêng5,15,75.3%,s0705.m4a,tiêng5.mp3
706,to3,15,75.4%,s0706.m4a,to3.mp3
707,toi3,15,75.4%,s0707.m4a,toi3.mp3
708,uah8,15,75.5%,s0708.m4a,uah8.mp3
709,zeng3,15,75.5%,s0709.m4a,zeng3.mp3
710,zing6,15,75.6%,s0710.m4a,zing6.mp3
711,ziu2,15,75.6%,s0711.m4a,ziu2.mp3
712,zug4,15,75.7%,s0712.m4a,zug4.mp3
713,zêg4,15,75.7%,s0713.m4a,zêg4.mp3
714,bhuê5,14,75.7%,s0714.m4a,bhuê5.mp3
715,biêng2,14,75.8%,s0715.m4a,biêng2.mp3
716,bou2,14,75.8%,s0716.m4a,bou2.mp3
717,ce3,14,75.9%,s0717.m4a,ce3.mp3
718,ci6,14,75.9%,s0718.m4a,ci6.mp3
719,ciam5,14,76.0%,s0719.m4a,ciam5.mp3
720,cig4,14,76.0%,s0720.m4a,cig4.mp3
721,ciu7,14,76.0%,s0721.m4a,ciu7.mp3
722,ciê3,14,76.1%,s0722.m4a,ciê3.mp3
723,ciêng1,14,76.1%,s0723.m4a,ciêng1.mp3
724,diên5,14,76.2%,s0724.m4a,diên5.mp3
725,e6,14,76.2%,s0725.m4a,e6.mp3
726,giong2,14,76.2%,s0726.m4a,giong2.mp3
727,gua3,14,76.3%,s0727.m4a,gua3.mp3
728,guê1,14,76.3%,s0728.m4a,guê1.mp3
729,gên3,14,76.4%,s0729.m4a,gên3.mp3
730,hah4,14,76.4%,s0730.m4a,hah4.mp3
731,hang2,14,76.5%,s0731.m4a,hang2.mp3
732,hiu1,14,76.5%,s0732.m4a,hiu1.mp3
733,hiêng3,14,76.5%,s0733.m4a,hiêng3.mp3
734,huai5,14,76.6%,s0734.m4a,huai5.mp3
735,hui6,14,76.6%,s0735.m4a,hui6.mp3
736,ia5,14,76.7%,s0736.m4a,ia5.mp3
737,iam7,14,76.7%,s0737.m4a,iam7.mp3
738,ka1,14,76.8%,s0738.m4a,ka1.mp3
739,kang3,14,76.8%,s0739.m4a,kang3.mp3
740,ke5,14,76.8%,s0740.m4a,ke5.mp3
741,kiou1,14,76.9%,s0741.m4a,kiou1.mp3
742,kuang3,14,76.9%,s0742.m4a,kuang3.mp3
743,kung5,14,77.0%,s0743.m4a,kung5.mp3
744,kuêng1,14,77.0%,s0744.m4a,kuêng1.mp3
745,kêh4,14,77.1%,s0745.m4a,kêh4.mp3
746,lo2,14,77.1%,s0746.m4a,lo2.mp3
747,muan5,14,77.1%,s0747.m4a,muan5.mp3
748,ngi5,14,77.2%,s0748.m4a,ngi5.mp3
749,ngui5,14,77.2%,s0749.m4a,ngui5.mp3
750,ngêng5,14,77.3%,s0750.m4a,ngêng5.mp3
751,ni2,14,77.3%,s0751.m4a,ni2.mp3
752,nian2,14,77.4%,s0752.m4a,nian2.mp3
753,niê2,14,77.4%,s0753.m4a,niê2.mp3
754,pa6,14,77.4%,s0754.m4a,pa6.mp3
755,pao3,14,77.5%,s0755.m4a,pao3.mp3
756,pi1,14,77.5%,s0756.m4a,pi1.mp3
757,pou3,14,77.6%,s0757.m4a,pou3.mp3
758,riam2,14,77.6%,s0758.m4a,riam2.mp3
759,riu5,14,77.6%,s0759.m4a,riu5.mp3
760,siab8,14,77.7%,s0760.m4a,siab8.mp3
761,siam1,14,77.7%,s0761.m4a,siam1.mp3
762,soh4,14,77.8%,s0762.m4a,soh4.mp3
763,su6,14,77.8%,s0763.m4a,su6.mp3
764,sua1,14,77.9%,s0764.m4a,sua1.mp3
765,sêng3,14,77.9%,s0765.m4a,sêng3.mp3
766,tang1,14,77.9%,s0766.m4a,tang1.mp3
767,u5,14,78.0%,s0767.m4a,u5.mp3
768,ua2,14,78.0%,s0768.m4a,ua2.mp3
769,uai1,14,78.1%,s0769.m4a,uai1.mp3
770,ung1,14,78.1%,s0770.m4a,ung1.mp3
771,zog4,14,78.2%,s0771.m4a,zog4.mp3
772,zog8,14,78.2%,s0772.m4a,zog8.mp3
773,a3,13,78.2%,s0773.m4a,a3.mp3
774,ai1,13,78.3%,s0774.m4a,ai1.mp3
775,ao1,13,78.3%,s0775.m4a,ao1.mp3
776,bang5,13,78.4%,s0776.m4a,bang5.mp3
777,bo1,13,78.4%,s0777.m4a,bo1.mp3
778,bung1,13,78.4%,s0778.m4a,bung1.mp3
779,bê5,13,78.5%,s0779.m4a,bê5.mp3
780,ciêh8,13,78.5%,s0780.m4a,ciêh8.mp3
781,ciêng2,13,78.6%,s0781.m4a,ciêng2.mp3
782,cui2,13,78.6%,s0782.m4a,cui2.mp3
783,cuêng3,13,78.6%,s0783.m4a,cuêng3.mp3
784,dah4,13,78.7%,s0784.m4a,dah4.mp3
785,dao7,13,78.7%,s0785.m4a,dao7.mp3
786,diou6,13,78.7%,s0786.m4a,diou6.mp3
787,diu6,13,78.8%,s0787.m4a,diu6.mp3
788,doh4,13,78.8%,s0788.m4a,doh4.mp3
789,duan1,13,78.9%,s0789.m4a,duan1.mp3
790,giam2,13,78.9%,s0790.m4a,giam2.mp3
791,guên1,13,78.9%,s0791.m4a,guên1.mp3
792,i6,13,79.0%,s0792.m4a,i6.mp3
793,iong2,13,79.0%,s0793.m4a,iong2.mp3
794,iên7,13,79.1%,s0794.m4a,iên7.mp3
795,koi3,13,79.1%,s0795.m4a,koi3.mp3
796,kuai3,13,79.1%,s0796.m4a,kuai3.mp3
797,kuang5,13,79.2%,s0797.m4a,kuang5.mp3
798,kung1,13,79.2%,s0798.m4a,kung1.mp3
799,kuê3,13,79.3%,s0799.m4a,kuê3.mp3
800,kuêng5,13,79.3%,s0800.m4a,kuêng5.mp3
801,lam2,13,79.3%,s0801.m4a,lam2.mp3
802,lang2,13,79.4%,s0802.m4a,lang2.mp3
803,liam5,13,79.4%,s0803.m4a,liam5.mp3
804,mao5,13,79.5%,s0804.m4a,mao5.mp3
805,na2,13,79.5%,s0805.m4a,na2.mp3
806,ngag8,13,79.5%,s0806.m4a,ngag8.mp3
807,ngi2,13,79.6%,s0807.m4a,ngi2.mp3
808,pian3,13,79.6%,s0808.m4a,pian3.mp3
809,sa3,13,79.7%,s0809.m4a,sa3.mp3
810,seng3,13,79.7%,s0810.m4a,seng3.mp3
811,siab4,13,79.7%,s0811.m4a,siab4.mp3
812,siou6,13,79.8%,s0812.m4a,siou6.mp3
813,siên6,13,79.8%,s0813.m4a,siên6.mp3
814,tou2,13,79.8%,s0814.m4a,tou2.mp3
815,u3,13,79.9%,s0815.m4a,u3.mp3
816,zam1,13,79.9%,s0816.m4a,zam1.mp3
817,zao2,13,80.0%,s0817.m4a,zao2.mp3
818,zian1,13,80.0%,s0818.m4a,zian1.mp3
819,ziên2,13,80.0%,s0819.m4a,ziên2.mp3
820,zu3,13,80.1%,s0820.m4a,zu3.mp3
821,zung1,13,80.1%,s0821.m4a,zung1.mp3
822,zêng5,13,80.2%,s0822.m4a,zêng5.mp3
823,bhai5,12,80.2%,s0823.m4a,bhai5.mp3
824,bho2,12,80.2%,s0824.m4a,bho2.mp3
825,bou1,12,80.3%,s0825.m4a,bou1.mp3
826,bung7,12,80.3%,s0826.m4a,bung7.mp3
827,bê6,12,80.3%,s0827.m4a,bê6.mp3
828,dai3,12,80.4%,s0828.m4a,dai3.mp3
829,dig8,12,80.4%,s0829.m4a,dig8.mp3
830,diên6,12,80.5%,s0830.m4a,diên6.mp3
831,e5,12,80.5%,s0831.m4a,e5.mp3
832,gang7,12,80.5%,s0832.m4a,gang7.mp3
833,ghe2,12,80.6%,s0833.m4a,ghe2.mp3
834,giab8,12,80.6%,s0834.m4a,giab8.mp3
835,giou2,12,80.6%,s0835.m4a,giou2.mp3
836,giê5,12,80.7%,s0836.m4a,giê5.mp3
837,guah4,12,80.7%,s0837.m4a,guah4.mp3
838,hao7,12,80.7%,s0838.m4a,hao7.mp3
839,he1,12,80.8%,s0839.m4a,he1.mp3
840,hi3,12,80.8%,s0840.m4a,hi3.mp3
841,hiun1,12,80.9%,s0841.m4a,hiun1.mp3
842,hug8,12,80.9%,s0842.m4a,hug8.mp3
843,iang1,12,80.9%,s0843.m4a,iang1.mp3
844,ig8,12,81.0%,s0844.m4a,ig8.mp3
845,in7,12,81.0%,s0845.m4a,in7.mp3
846,iong1,12,81.0%,s0846.m4a,iong1.mp3
847,kiêng2,12,81.1%,s0847.m4a,kiêng2.mp3
848,long2,12,81.1%,s0848.m4a,long2.mp3
849,lou2,12,81.1%,s0849.m4a,lou2.mp3
850,lung5,12,81.2%,s0850.m4a,lung5.mp3
851,luêg4,12,81.2%,s0851.m4a,luêg4.mp3
852,luêng5,12,81.3%,s0852.m4a,luêng5.mp3
853,ma2,12,81.3%,s0853.m4a,ma2.mp3
854,ngai5,12,81.3%,s0854.m4a,ngai5.mp3
855,ngo6,12,81.4%,s0855.m4a,ngo6.mp3
856,ni6,12,81.4%,s0856.m4a,ni6.mp3
857,pag4,12,81.4%,s0857.m4a,pag4.mp3
858,pi5,12,81.5%,s0858.m4a,pi5.mp3
859,pong5,12,81.5%,s0859.m4a,pong5.mp3
860,sam1,12,81.5%,s0860.m4a,sam1.mp3
861,sia3,12,81.6%,s0861.m4a,sia3.mp3
862,ta1,12,81.6%,s0862.m4a,ta1.mp3
863,tih4,12,81.7%,s0863.m4a,tih4.mp3
864,to2,12,81.7%,s0864.m4a,to2.mp3
865,uan3,12,81.7%,s0865.m4a,uan3.mp3
866,uang2,12,81.8%,s0866.m4a,uang2.mp3
867,uê3,12,81.8%,s0867.m4a,uê3.mp3
868,zang5,12,81.8%,s0868.m4a,zang5.mp3
869,zang6,12,81.9%,s0869.m4a,zang6.mp3
870,zia3,12,81.9%,s0870.m4a,zia3.mp3
871,zin5,12,81.9%,s0871.m4a,zin5.mp3
872,zing2,12,82.0%,s0872.m4a,zing2.mp3
873,zo2,12,82.0%,s0873.m4a,zo2.mp3
874,zou1,12,82.1%,s0874.m4a,zou1.mp3
875,zuang6,12,82.1%,s0875.m4a,zuang6.mp3
876,ai2,11,82.1%,s0876.m4a,ai2.mp3
877,bhi2,11,82.2%,s0877.m4a,bhi2.mp3
878,bhi7,11,82.2%,s0878.m4a,bhi7.mp3
879,bhu6,11,82.2%,s0879.m4a,bhu6.mp3
880,biê2,11,82.3%,s0880.m4a,biê2.mp3
881,bu6,11,82.3%,s0881.m4a,bu6.mp3
882,bui1,11,82.3%,s0882.m4a,bui1.mp3
883,cam5,11,82.4%,s0883.m4a,cam5.mp3
884,ciou1,11,82.4%,s0884.m4a,ciou1.mp3
885,ciên1,11,82.4%,s0885.m4a,ciên1.mp3
886,co5,11,82.5%,s0886.m4a,co5.mp3
887,cuêg4,11,82.5%,s0887.m4a,cuêg4.mp3
888,cêng3,11,82.5%,s0888.m4a,cêng3.mp3
889,diab8,11,82.6%,s0889.m4a,diab8.mp3
890,diou5,11,82.6%,s0890.m4a,diou5.mp3
891,doin6,11,82.6%,s0891.m4a,doin6.mp3
892,du2,11,82.7%,s0892.m4a,du2.mp3
893,ghe7,11,82.7%,s0893.m4a,ghe7.mp3
894,giab4,11,82.7%,s0894.m4a,giab4.mp3
895,giêg8,11,82.8%,s0895.m4a,giêg8.mp3
896,go3,11,82.8%,s0896.m4a,go3.mp3
897,gong3,11,82.8%,s0897.m4a,gong3.mp3
898,hi2,11,82.9%,s0898.m4a,hi2.mp3
899,hiam2,11,82.9%,s0899.m4a,hiam2.mp3
900,hoh4,11,82.9%,s0900.m4a,hoh4.mp3
901,hung6,11,83.0%,s0901.m4a,hung6.mp3
902,ia7,11,83.0%,s0902.m4a,ia7.mp3
903,iam1,11,83.0%,s0903.m4a,iam1.mp3
904,ing3,11,83.1%,s0904.m4a,ing3.mp3
905,kam2,11,83.1%,s0905.m4a,kam2.mp3
906,ki1,11,83.1%,s0906.m4a,ki1.mp3
907,kiong5,11,83.2%,s0907.m4a,kiong5.mp3
908,kug4,11,83.2%,s0908.m4a,kug4.mp3
909,kuêng2,11,83.2%,s0909.m4a,kuêng2.mp3
910,kêng3,11,83.3%,s0910.m4a,kêng3.mp3
911,liam6,11,83.3%,s0911.m4a,liam6.mp3
912,lou3,11,83.3%,s0912.m4a,lou3.mp3
913,mang6,11,83.4%,s0913.m4a,mang6.mp3
914,miou2,11,83.4%,s0914.m4a,miou2.mp3
915,miêng5,11,83.4%,s0915.m4a,miêng5.mp3
916,muan2,11,83.5%,s0916.m4a,muan2.mp3
917,mung7,11,83.5%,s0917.m4a,mung7.mp3
918,muê6,11,83.5%,s0918.m4a,muê6.mp3
919,nao2,11,83.6%,s0919.m4a,nao2.mp3
920,neng5,11,83.6%,s0920.m4a,neng5.mp3
921,ngiêg8,11,83.6%,s0921.m4a,ngiêg8.mp3
922,ngiêng2,11,83.7%,s0922.m4a,ngiêng2.mp3
923,niu2,11,83.7%,s0923.m4a,niu2.mp3
924,o6,11,83.7%,s0924.m4a,o6.mp3
925,poin7,11,83.8%,s0925.m4a,poin7.mp3
926,rong5,11,83.8%,s0926.m4a,rong5.mp3
927,sao1,11,83.8%,s0927.m4a,sao1.mp3
928,se2,11,83.9%,s0928.m4a,se2.mp3
929,siam5,11,83.9%,s0929.m4a,siam5.mp3
930,soi3,11,83.9%,s0930.m4a,soi3.mp3
931,sou1,11,84.0%,s0931.m4a,sou1.mp3
932,tong2,11,84.0%,s0932.m4a,tong2.mp3
933,u2,11,84.0%,s0933.m4a,u2.mp3
934,za2,11,84.1%,s0934.m4a,za2.mp3
935,ziag4,11,84.1%,s0935.m4a,ziag4.mp3
936,zib4,11,84.1%,s0936.m4a,zib4.mp3
937,zo3,11,84.2%,s0937.m4a,zo3.mp3
938,zên2,11,84.2%,s0938.m4a,zên2.mp3
939,am1,10,84.2%,s0939.m4a,am1.mp3
940,am3,10,84.2%,s0940.m4a,am3.mp3
941,bhua5,10,84.3%,s0941.m4a,bhua5.mp3
942,bhuang5,10,84.3%,s0942.m4a,bhuang5.mp3
943,bing3,10,84.3%,s0943.m4a,bing3.mp3
944,buah8,10,84.4%,s0944.m4a,buah8.mp3
945,bên7,10,84.4%,s0945.m4a,bên7.mp3
946,cao1,10,84.4%,s0946.m4a,cao1.mp3
947,cao2,10,84.5%,s0947.m4a,cao2.mp3
948,cao5,10,84.5%,s0948.m4a,cao5.mp3
949,ciêg4,10,84.5%,s0949.m4a,ciêg4.mp3
950,ciêh4,10,84.5%,s0950.m4a,ciêh4.mp3
951,cê5,10,84.6%,s0951.m4a,cê5.mp3
952,diam3,10,84.6%,s0952.m4a,diam3.mp3
953,diu2,10,84.6%,s0953.m4a,diu2.mp3
954,dou3,10,84.7%,s0954.m4a,dou3.mp3
955,dou6,10,84.7%,s0955.m4a,dou6.mp3
956,dug8,10,84.7%,s0956.m4a,dug8.mp3
957,dê5,10,84.8%,s0957.m4a,dê5.mp3
958,ghu5,10,84.8%,s0958.m4a,ghu5.mp3
959,ghêg8,10,84.8%,s0959.m4a,ghêg8.mp3
960,go6,10,84.9%,s0960.m4a,go6.mp3
961,goin1,10,84.9%,s0961.m4a,goin1.mp3
962,gua1,10,84.9%,s0962.m4a,gua1.mp3
963,guin7,10,84.9%,s0963.m4a,guin7.mp3
964,hain5,10,85.0%,s0964.m4a,hain5.mp3
965,hao5,10,85.0%,s0965.m4a,hao5.mp3
966,heng2,10,85.0%,s0966.m4a,heng2.mp3
967,hiong1,10,85.1%,s0967.m4a,hiong1.mp3
968,houn2,10,85.1%,s0968.m4a,houn2.mp3
969,iu1,10,85.1%,s0969.m4a,iu1.mp3
970,kai3,10,85.2%,s0970.m4a,kai3.mp3
971,kam1,10,85.2%,s0971.m4a,kam1.mp3
972,kia5,10,85.2%,s0972.m4a,kia5.mp3
973,kim5,10,85.2%,s0973.m4a,kim5.mp3
974,kua1,10,85.3%,s0974.m4a,kua1.mp3
975,kung2,10,85.3%,s0975.m4a,kung2.mp3
976,kêng1,10,85.3%,s0976.m4a,kêng1.mp3
977,lao1,10,85.4%,s0977.m4a,lao1.mp3
978,le6,10,85.4%,s0978.m4a,le6.mp3
979,loi2,10,85.4%,s0979.m4a,loi2.mp3
980,lêng6,10,85.5%,s0980.m4a,lêng6.mp3
981,muêg8,10,85.5%,s0981.m4a,muêg8.mp3
982,ng5,10,85.5%,s0982.m4a,ng5.mp3
983,ngiam5,10,85.5%,s0983.m4a,ngiam5.mp3
984,noin5,10,85.6%,s0984.m4a,noin5.mp3
985,ong1,10,85.6%,s0985.m4a,ong1.mp3
986,ou5,10,85.6%,s0986.m4a,ou5.mp3
987,puê3,10,85.7%,s0987.m4a,puê3.mp3
988,puê5,10,85.7%,s0988.m4a,puê5.mp3
989,puê6,10,85.7%,s0989.m4a,puê6.mp3
990,sia6,10,85.8%,s0990.m4a,sia6.mp3
991,sou2,10,85.8%,s0991.m4a,sou2.mp3
992,sung6,10,85.8%,s0992.m4a,sung6.mp3
993,tab4,10,85.9%,s0993.m4a,tab4.mp3
994,tiab4,10,85.9%,s0994.m4a,tiab4.mp3
995,tiu5,10,85.9%,s0995.m4a,tiu5.mp3
996,têng1,10,85.9%,s0996.m4a,têng1.mp3
997,zia6,10,86.0%,s0997.m4a,zia6.mp3
998,ziam3,10,86.0%,s0998.m4a,ziam3.mp3
999,zoh4,10,86.0%,s0999.m4a,zoh4.mp3
1000,zuê6,10,86.1%,s1000.m4a,zuê6.mp3
1001,zên1,10,86.1%,s1001.m4a,zên1.mp3
1002,êh4,10,86.1%,s1002.m4a,êh4.mp3
1003,ba2,9,86.2%,s1003.m4a,ba2.mp3
1004,ba3,9,86.2%,s1004.m4a,ba3.mp3
1005,bhuê2,9,86.2%,s1005.m4a,bhuê2.mp3
1006,bhuê7,9,86.2%,s1006.m4a,bhuê7.mp3
1007,bin1,9,86.3%,s1007.m4a,bin1.mp3
1008,bong7,9,86.3%,s1008.m4a,bong7.mp3
1009,bua3,9,86.3%,s1009.m4a,bua3.mp3
1010,buê5,9,86.3%,s1010.m4a,buê5.mp3
1011,buêng6,9,86.4%,s1011.m4a,buêng6.mp3
1012,cah4,9,86.4%,s1012.m4a,cah4.mp3
1013,cian2,9,86.4%,s1013.m4a,cian2.mp3
1014,ciang2,9,86.4%,s1014.m4a,ciang2.mp3
1015,cing3,9,86.5%,s1015.m4a,cing3.mp3
1016,cou3,9,86.5%,s1016.m4a,cou3.mp3
1017,cêh4,9,86.5%,s1017.m4a,cêh4.mp3
1018,dao3,9,86.6%,s1018.m4a,dao3.mp3
1019,de5,9,86.6%,s1019.m4a,de5.mp3
1020,diou3,9,86.6%,s1020.m4a,diou3.mp3
1021,diên3,9,86.6%,s1021.m4a,diên3.mp3
1022,doh8,9,86.7%,s1022.m4a,doh8.mp3
1023,du1,9,86.7%,s1023.m4a,du1.mp3
1024,dêng6,9,86.7%,s1024.m4a,dêng6.mp3
1025,e2,9,86.7%,s1025.m4a,e2.mp3
1026,eng1,9,86.8%,s1026.m4a,eng1.mp3
1027,geng3,9,86.8%,s1027.m4a,geng3.mp3
1028,ghoi7,9,86.8%,s1028.m4a,ghoi7.mp3
1029,giam1,9,86.9%,s1029.m4a,giam1.mp3
1030,giong1,9,86.9%,s1030.m4a,giong1.mp3
1031,giou1,9,86.9%,s1031.m4a,giou1.mp3
1032,gêng6,9,86.9%,s1032.m4a,gêng6.mp3
1033,hiang1,9,87.0%,s1033.m4a,hiang1.mp3
1034,hong6,9,87.0%,s1034.m4a,hong6.mp3
1035,hung2,9,87.0%,s1035.m4a,hung2.mp3
1036,hung3,9,87.0%,s1036.m4a,hung3.mp3
1037,huêh4,9,87.1%,s1037.m4a,huêh4.mp3
1038,hê7,9,87.1%,s1038.m4a,hê7.mp3
1039,ian2,9,87.1%,s1039.m4a,ian2.mp3
1040,iu6,9,87.2%,s1040.m4a,iu6.mp3
1041,keg4,9,87.2%,s1041.m4a,keg4.mp3
1042,kiag4,9,87.2%,s1042.m4a,kiag4.mp3
1043,kiou5,9,87.2%,s1043.m4a,kiou5.mp3
1044,kiu1,9,87.3%,s1044.m4a,kiu1.mp3
1045,kiêng1,9,87.3%,s1045.m4a,kiêng1.mp3
1046,kou1,9,87.3%,s1046.m4a,kou1.mp3
1047,kuang1,9,87.3%,s1047.m4a,kuang1.mp3
1048,kêng2,9,87.4%,s1048.m4a,kêng2.mp3
1049,liêng7,9,87.4%,s1049.m4a,liêng7.mp3
1050,long6,9,87.4%,s1050.m4a,long6.mp3
1051,lui6,9,87.5%,s1051.m4a,lui6.mp3
1052,lung6,9,87.5%,s1052.m4a,lung6.mp3
1053,mang7,9,87.5%,s1053.m4a,mang7.mp3
1054,mui5,9,87.5%,s1054.m4a,mui5.mp3
1055,nai2,9,87.6%,s1055.m4a,nai2.mp3
1056,nao1,9,87.6%,s1056.m4a,nao1.mp3
1057,ngai6,9,87.6%,s1057.m4a,ngai6.mp3
1058,no3,9,87.6%,s1058.m4a,no3.mp3
1059,puan6,9,87.7%,s1059.m4a,puan6.mp3
1060,puêng1,9,87.7%,s1060.m4a,puêng1.mp3
1061,re6,9,87.7%,s1061.m4a,re6.mp3
1062,rog8,9,87.8%,s1062.m4a,rog8.mp3
1063,ru2,9,87.8%,s1063.m4a,ru2.mp3
1064,sa1,9,87.8%,s1064.m4a,sa1.mp3
1065,sai2,9,87.8%,s1065.m4a,sai2.mp3
1066,se3,9,87.9%,s1066.m4a,se3.mp3
1067,sim6,9,87.9%,s1067.m4a,sim6.mp3
1068,sing7,9,87.9%,s1068.m4a,sing7.mp3
1069,siêng1,9,87.9%,s1069.m4a,siêng1.mp3
1070,siêng5,9,88.0%,s1070.m4a,siêng5.mp3
1071,suêng2,9,88.0%,s1071.m4a,suêng2.mp3
1072,tah8,9,88.0%,s1072.m4a,tah8.mp3
1073,tao3,9,88.1%,s1073.m4a,tao3.mp3
1074,tiam1,9,88.1%,s1074.m4a,tiam1.mp3
1075,tiu1,9,88.1%,s1075.m4a,tiu1.mp3
1076,tên1,9,88.1%,s1076.m4a,tên1.mp3
1077,zai6,9,88.2%,s1077.m4a,zai6.mp3
1078,zam6,9,88.2%,s1078.m4a,zam6.mp3
1079,ziab8,9,88.2%,s1079.m4a,ziab8.mp3
1080,zian2,9,88.2%,s1080.m4a,zian2.mp3
1081,ziê3,9,88.3%,s1081.m4a,ziê3.mp3
1082,ziên3,9,88.3%,s1082.m4a,ziên3.mp3
1083,zoh8,9,88.3%,s1083.m4a,zoh8.mp3
1084,zou2,9,88.4%,s1084.m4a,zou2.mp3
1085,zui1,9,88.4%,s1085.m4a,zui1.mp3
1086,zung2,9,88.4%,s1086.m4a,zung2.mp3
1087,zung5,9,88.4%,s1087.m4a,zung5.mp3
1088,a2,8,88.5%,s1088.m4a,a2.mp3
1089,bang6,8,88.5%,s1089.m4a,bang6.mp3
1090,bhung6,8,88.5%,s1090.m4a,bhung6.mp3
1091,bhung7,8,88.5%,s1091.m4a,bhung7.mp3
1092,big8,8,88.6%,s1092.m4a,big8.mp3
1093,bo3,8,88.6%,s1093.m4a,bo3.mp3
1094,ciah4,8,88.6%,s1094.m4a,ciah4.mp3
1095,ciang3,8,88.6%,s1095.m4a,ciang3.mp3
1096,ciên7,8,88.7%,s1096.m4a,ciên7.mp3
1097,cu1,8,88.7%,s1097.m4a,cu1.mp3
1098,cui1,8,88.7%,s1098.m4a,cui1.mp3
1099,cêng7,8,88.7%,s1099.m4a,cêng7.mp3
1100,dab4,8,88.8%,s1100.m4a,dab4.mp3
1101,dan1,8,88.8%,s1101.m4a,dan1.mp3
1102,dang7,8,88.8%,s1102.m4a,dang7.mp3
1103,dao1,8,88.8%,s1103.m4a,dao1.mp3
1104,dao5,8,88.8%,s1104.m4a,dao5.mp3
1105,deng3,8,88.9%,s1105.m4a,deng3.mp3
1106,di5,8,88.9%,s1106.m4a,di5.mp3
1107,diên1,8,88.9%,s1107.m4a,diên1.mp3
1108,do3,8,88.9%,s1108.m4a,do3.mp3
1109,doi5,8,89.0%,s1109.m4a,doi5.mp3
1110,dou5,8,89.0%,s1110.m4a,dou5.mp3
1111,gan2,8,89.0%,s1111.m4a,gan2.mp3
1112,gi5,8,89.0%,s1112.m4a,gi5.mp3
1113,giah4,8,89.1%,s1113.m4a,giah4.mp3
1114,ging2,8,89.1%,s1114.m4a,ging2.mp3
1115,giu2,8,89.1%,s1115.m4a,giu2.mp3
1116,giu5,8,89.1%,s1116.m4a,giu5.mp3
1117,giê3,8,89.2%,s1117.m4a,giê3.mp3
1118,goih8,8,89.2%,s1118.m4a,goih8.mp3
1119,gug8,8,89.2%,s1119.m4a,gug8.mp3
1120,gên2,8,89.2%,s1120.m4a,gên2.mp3
1121,hao6,8,89.3%,s1121.m4a,hao6.mp3
1122,hia5,8,89.3%,s1122.m4a,hia5.mp3
1123,hian1,8,89.3%,s1123.m4a,hian1.mp3
1124,hin6,8,89.3%,s1124.m4a,hin6.mp3
1125,ho1,8,89.4%,s1125.m4a,ho1.mp3
1126,ia2,8,89.4%,s1126.m4a,ia2.mp3
1127,in5,8,89.4%,s1127.m4a,in5.mp3
1128,ing5,8,89.4%,s1128.m4a,ing5.mp3
1129,ing7,8,89.5%,s1129.m4a,ing7.mp3
1130,iê5,8,89.5%,s1130.m4a,iê5.mp3
1131,keng5,8,89.5%,s1131.m4a,keng5.mp3
1132,kiog4,8,89.5%,s1132.m4a,kiog4.mp3
1133,kui3,8,89.6%,s1133.m4a,kui3.mp3
1134,lai6,8,89.6%,s1134.m4a,lai6.mp3
1135,li7,8,89.6%,s1135.m4a,li7.mp3
1136,lih8,8,89.6%,s1136.m4a,lih8.mp3
1137,liou7,8,89.6%,s1137.m4a,liou7.mp3
1138,liu3,8,89.7%,s1138.m4a,liu3.mp3
1139,miou6,8,89.7%,s1139.m4a,miou6.mp3
1140,na5,8,89.7%,s1140.m4a,na5.mp3
1141,nao6,8,89.7%,s1141.m4a,nao6.mp3
1142,ngang2,8,89.8%,s1142.m4a,ngang2.mp3
1143,ngêg8,8,89.8%,s1143.m4a,ngêg8.mp3
1144,oi6,8,89.8%,s1144.m4a,oi6.mp3
1145,pang1,8,89.8%,s1145.m4a,pang1.mp3
1146,pêng1,8,89.9%,s1146.m4a,pêng1.mp3
1147,riang2,8,89.9%,s1147.m4a,riang2.mp3
1148,riou3,8,89.9%,s1148.m4a,riou3.mp3
1149,ruê6,8,89.9%,s1149.m4a,ruê6.mp3
1150,siah8,8,90.0%,s1150.m4a,siah8.mp3
1151,sin3,8,90.0%,s1151.m4a,sin3.mp3
1152,siên2,8,90.0%,s1152.m4a,siên2.mp3
1153,sui1,8,90.0%,s1153.m4a,sui1.mp3
1154,tang3,8,90.1%,s1154.m4a,tang3.mp3
1155,teng3,8,90.1%,s1155.m4a,teng3.mp3
1156,tian5,8,90.1%,s1156.m4a,tian5.mp3
1157,tiêg4,8,90.1%,s1157.m4a,tiêg4.mp3
1158,uag8,8,90.2%,s1158.m4a,uag8.mp3
1159,uêg8,8,90.2%,s1159.m4a,uêg8.mp3
1160,zai2,8,90.2%,s1160.m4a,zai2.mp3
1161,zong3,8,90.2%,s1161.m4a,zong3.mp3
1162,zuê3,8,90.3%,s1162.m4a,zuê3.mp3
1163,zuêg4,8,90.3%,s1163.m4a,zuêg4.mp3
1164,zêng6,8,90.3%,s1164.m4a,zêng6.mp3
1165,bag8,7,90.3%,s1165.m4a,bag8.mp3
1166,bai7,7,90.3%,s1166.m4a,bai7.mp3
1167,bho7,7,90.4%,s1167.m4a,bho7.mp3
1168,bhoi7,7,90.4%,s1168.m4a,bhoi7.mp3
1169,bhu5,7,90.4%,s1169.m4a,bhu5.mp3
1170,bhuah8,7,90.4%,s1170.m4a,bhuah8.mp3
1171,bhuang2,7,90.4%,s1171.m4a,bhuang2.mp3
1172,biê3,7,90.5%,s1172.m4a,biê3.mp3
1173,bou3,7,90.5%,s1173.m4a,bou3.mp3
1174,bung3,7,90.5%,s1174.m4a,bung3.mp3
1175,bên5,7,90.5%,s1175.m4a,bên5.mp3
1176,bêng2,7,90.6%,s1176.m4a,bêng2.mp3
1177,ca5,7,90.6%,s1177.m4a,ca5.mp3
1178,cib4,7,90.6%,s1178.m4a,cib4.mp3
1179,ciên5,7,90.6%,s1179.m4a,ciên5.mp3
1180,cung2,7,90.6%,s1180.m4a,cung2.mp3
1181,cung5,7,90.7%,s1181.m4a,cung5.mp3
1182,dag4,7,90.7%,s1182.m4a,dag4.mp3
1183,dam1,7,90.7%,s1183.m4a,dam1.mp3
1184,dan6,7,90.7%,s1184.m4a,dan6.mp3
1185,de1,7,90.7%,s1185.m4a,de1.mp3
1186,diam1,7,90.8%,s1186.m4a,diam1.mp3
1187,doin7,7,90.8%,s1187.m4a,doin7.mp3
1188,giah8,7,90.8%,s1188.m4a,giah8.mp3
1189,gib8,7,90.8%,s1189.m4a,gib8.mp3
1190,giog4,7,90.9%,s1190.m4a,giog4.mp3
1191,gung6,7,90.9%,s1191.m4a,gung6.mp3
1192,hai5,7,90.9%,s1192.m4a,hai5.mp3
1193,hai7,7,90.9%,s1193.m4a,hai7.mp3
1194,hang3,7,90.9%,s1194.m4a,hang3.mp3
1195,hang6,7,91.0%,s1195.m4a,hang6.mp3
1196,hiun3,7,91.0%,s1196.m4a,hiun3.mp3
1197,hiêng2,7,91.0%,s1197.m4a,hiêng2.mp3
1198,huam3,7,91.0%,s1198.m4a,huam3.mp3
1199,huên5,7,91.0%,s1199.m4a,huên5.mp3
1200,iam3,7,91.1%,s1200.m4a,iam3.mp3
1201,iang3,7,91.1%,s1201.m4a,iang3.mp3
1202,iang6,7,91.1%,s1202.m4a,iang6.mp3
1203,ka3,7,91.1%,s1203.m4a,ka3.mp3
1204,kam3,7,91.1%,s1204.m4a,kam3.mp3
1205,kim1,7,91.2%,s1205.m4a,kim1.mp3
1206,kin5,7,91.2%,s1206.m4a,kin5.mp3
1207,kog4,7,91.2%,s1207.m4a,kog4.mp3
1208,kuan1,7,91.2%,s1208.m4a,kuan1.mp3
1209,kui2,7,91.3%,s1209.m4a,kui2.mp3
1210,lao7,7,91.3%,s1210.m4a,lao7.mp3
1211,lu6,7,91.3%,s1211.m4a,lu6.mp3
1212,luêng2,7,91.3%,s1212.m4a,luêng2.mp3
1213,mang2,7,91.3%,s1213.m4a,mang2.mp3
1214,mi6,7,91.4%,s1214.m4a,mi6.mp3
1215,miou5,7,91.4%,s1215.m4a,miou5.mp3
1216,mong6,7,91.4%,s1216.m4a,mong6.mp3
1217,mêng2,7,91.4%,s1217.m4a,mêng2.mp3
1218,ng2,7,91.4%,s1218.m4a,ng2.mp3
1219,ngang6,7,91.5%,s1219.m4a,ngang6.mp3
1220,ngi3,7,91.5%,s1220.m4a,ngi3.mp3
1221,ngim5,7,91.5%,s1221.m4a,ngim5.mp3
1222,nguêng2,7,91.5%,s1222.m4a,nguêng2.mp3
1223,nguêng6,7,91.6%,s1223.m4a,nguêng6.mp3
1224,no7,7,91.6%,s1224.m4a,no7.mp3
1225,o3,7,91.6%,s1225.m4a,o3.mp3
1226,o5,7,91.6%,s1226.m4a,o5.mp3
1227,pao1,7,91.6%,s1227.m4a,pao1.mp3
1228,pao5,7,91.7%,s1228.m4a,pao5.mp3
1229,pao6,7,91.7%,s1229.m4a,pao6.mp3
1230,pi3,7,91.7%,s1230.m4a,pi3.mp3
1231,ping2,7,91.7%,s1231.m4a,ping2.mp3
1232,po1,7,91.7%,s1232.m4a,po1.mp3
1233,pua3,7,91.8%,s1233.m4a,pua3.mp3
1234,pung1,7,91.8%,s1234.m4a,pung1.mp3
1235,pung5,7,91.8%,s1235.m4a,pung5.mp3
1236,ri5,7,91.8%,s1236.m4a,ri5.mp3
1237,riang5,7,91.8%,s1237.m4a,riang5.mp3
1238,ring7,7,91.9%,s1238.m4a,ring7.mp3
1239,riou5,7,91.9%,s1239.m4a,riou5.mp3
1240,ru6,7,91.9%,s1240.m4a,ru6.mp3
1241,sian3,7,91.9%,s1241.m4a,sian3.mp3
1242,siang2,7,92.0%,s1242.m4a,siang2.mp3
1243,su5,7,92.0%,s1243.m4a,su5.mp3
1244,sung2,7,92.0%,s1244.m4a,sung2.mp3
1245,sung3,7,92.0%,s1245.m4a,sung3.mp3
1246,sê1,7,92.0%,s1246.m4a,sê1.mp3
1247,tai6,7,92.1%,s1247.m4a,tai6.mp3
1248,ti1,7,92.1%,s1248.m4a,ti1.mp3
1249,tui5,7,92.1%,s1249.m4a,tui5.mp3
1250,tung1,7,92.1%,s1250.m4a,tung1.mp3
1251,têh8,7,92.1%,s1251.m4a,têh8.mp3
1252,uê6,7,92.2%,s1252.m4a,uê6.mp3
1253,zam2,7,92.2%,s1253.m4a,zam2.mp3
1254,ziê2,7,92.2%,s1254.m4a,ziê2.mp3
1255,zoin2,7,92.2%,s1255.m4a,zoin2.mp3
1256,zên6,7,92.3%,s1256.m4a,zên6.mp3
1257,ê7,7,92.3%,s1257.m4a,ê7.mp3
1258,ao3,6,92.3%,s1258.m4a,ao3.mp3
1259,bai2,6,92.3%,s1259.m4a,bai2.mp3
1260,bao2,6,92.3%,s1260.m4a,bao2.mp3
1261,bhiê7,6,92.3%,s1261.m4a,bhiê7.mp3
1262,bhuang6,6,92.4%,s1262.m4a,bhuang6.mp3
1263,boh4,6,92.4%,s1263.m4a,boh4.mp3
1264,bu5,6,92.4%,s1264.m4a,bu5.mp3
1265,buan1,6,92.4%,s1265.m4a,buan1.mp3
1266,ca3,6,92.4%,s1266.m4a,ca3.mp3
1267,cam2,6,92.5%,s1267.m4a,cam2.mp3
1268,cang2,6,92.5%,s1268.m4a,cang2.mp3
1269,cim2,6,92.5%,s1269.m4a,cim2.mp3
1270,dah8,6,92.5%,s1270.m4a,dah8.mp3
1271,dih4,6,92.5%,s1271.m4a,dih4.mp3
1272,ding3,6,92.5%,s1272.m4a,ding3.mp3
1273,doin2,6,92.6%,s1273.m4a,doin2.mp3
1274,dong2,6,92.6%,s1274.m4a,dong2.mp3
1275,du3,6,92.6%,s1275.m4a,du3.mp3
1276,duêng1,6,92.6%,s1276.m4a,duêng1.mp3
1277,e3,6,92.6%,s1277.m4a,e3.mp3
1278,gab4,6,92.7%,s1278.m4a,gab4.mp3
1279,ghou7,6,92.7%,s1279.m4a,ghou7.mp3
1280,gian6,6,92.7%,s1280.m4a,gian6.mp3
1281,gim3,6,92.7%,s1281.m4a,gim3.mp3
1282,goih4,6,92.7%,s1282.m4a,goih4.mp3
1283,gung2,6,92.7%,s1283.m4a,gung2.mp3
1284,ham6,6,92.8%,s1284.m4a,ham6.mp3
1285,hang1,6,92.8%,s1285.m4a,hang1.mp3
1286,heng6,6,92.8%,s1286.m4a,heng6.mp3
1287,hi5,6,92.8%,s1287.m4a,hi5.mp3
1288,hian5,6,92.8%,s1288.m4a,hian5.mp3
1289,hiou1,6,92.9%,s1289.m4a,hiou1.mp3
1290,hiêng1,6,92.9%,s1290.m4a,hiêng1.mp3
1291,hong3,6,92.9%,s1291.m4a,hong3.mp3
1292,hu7,6,92.9%,s1292.m4a,hu7.mp3
1293,iam5,6,92.9%,s1293.m4a,iam5.mp3
1294,ib4,6,92.9%,s1294.m4a,ib4.mp3
1295,im2,6,93.0%,s1295.m4a,im2.mp3
1296,iêng3,6,93.0%,s1296.m4a,iêng3.mp3
1297,kiam1,6,93.0%,s1297.m4a,kiam1.mp3
1298,kiam2,6,93.0%,s1298.m4a,kiam2.mp3
1299,kiam3,6,93.0%,s1299.m4a,kiam3.mp3
1300,kiang3,6,93.1%,s1300.m4a,kiang3.mp3
1301,koi1,6,93.1%,s1301.m4a,koi1.mp3
1302,kong3,6,93.1%,s1302.m4a,kong3.mp3
1303,kung3,6,93.1%,s1303.m4a,kung3.mp3
1304,lim2,6,93.1%,s1304.m4a,lim2.mp3
1305,liêng2,6,93.1%,s1305.m4a,liêng2.mp3
1306,lou6,6,93.2%,s1306.m4a,lou6.mp3
1307,lêng2,6,93.2%,s1307.m4a,lêng2.mp3
1308,m2,6,93.2%,s1308.m4a,m2.mp3
1309,mai5,6,93.2%,s1309.m4a,mai5.mp3
1310,moh8,6,93.2%,s1310.m4a,moh8.mp3
1311,mong3,6,93.3%,s1311.m4a,mong3.mp3
1312,mêg8,6,93.3%,s1312.m4a,mêg8.mp3
1313,mêh8,6,93.3%,s1313.m4a,mêh8.mp3
1314,mên7,6,93.3%,s1314.m4a,mên7.mp3
1315,ngam5,6,93.3%,s1315.m4a,ngam5.mp3
1316,ngao6,6,93.3%,s1316.m4a,ngao6.mp3
1317,ngiou5,6,93.4%,s1317.m4a,ngiou5.mp3
1318,ngên6,6,93.4%,s1318.m4a,ngên6.mp3
1319,oin5,6,93.4%,s1319.m4a,oin5.mp3
1320,ou1,6,93.4%,s1320.m4a,ou1.mp3
1321,pin1,6,93.4%,s1321.m4a,pin1.mp3
1322,poi1,6,93.5%,s1322.m4a,poi1.mp3
1323,pong3,6,93.5%,s1323.m4a,pong3.mp3
1324,pên5,6,93.5%,s1324.m4a,pên5.mp3
1325,sia2,6,93.5%,s1325.m4a,sia2.mp3
1326,sih8,6,93.5%,s1326.m4a,sih8.mp3
1327,siu7,6,93.5%,s1327.m4a,siu7.mp3
1328,siêh8,6,93.6%,s1328.m4a,siêh8.mp3
1329,soi2,6,93.6%,s1329.m4a,soi2.mp3
1330,song6,6,93.6%,s1330.m4a,song6.mp3
1331,suag4,6,93.6%,s1331.m4a,suag4.mp3
1332,sug4,6,93.6%,s1332.m4a,sug4.mp3
1333,tag8,6,93.7%,s1333.m4a,tag8.mp3
1334,tam1,6,93.7%,s1334.m4a,tam1.mp3
1335,tam3,6,93.7%,s1335.m4a,tam3.mp3
1336,teng1,6,93.7%,s1336.m4a,teng1.mp3
1337,teng5,6,93.7%,s1337.m4a,teng5.mp3
1338,tiang3,6,93.7%,s1338.m4a,tiang3.mp3
1339,tiou6,6,93.8%,s1339.m4a,tiou6.mp3
1340,tuan3,6,93.8%,s1340.m4a,tuan3.mp3
1341,tung5,6,93.8%,s1341.m4a,tung5.mp3
1342,ui3,6,93.8%,s1342.m4a,ui3.mp3
1343,uê1,6,93.8%,s1343.m4a,uê1.mp3
1344,zao3,6,93.9%,s1344.m4a,zao3.mp3
1345,zi1,6,93.9%,s1345.m4a,zi1.mp3
1346,ziou2,6,93.9%,s1346.m4a,ziou2.mp3
1347,zo7,6,93.9%,s1347.m4a,zo7.mp3
1348,zuag8,6,93.9%,s1348.m4a,zuag8.mp3
1349,zuêng6,6,93.9%,s1349.m4a,zuêng6.mp3
1350,ao2,5,94.0%,s1350.m4a,ao2.mp3
1351,bhao2,5,94.0%,s1351.m4a,bhao2.mp3
1352,bhou2,5,94.0%,s1352.m4a,bhou2.mp3
1353,bhuêh8,5,94.0%,s1353.m4a,bhuêh8.mp3
1354,boih8,5,94.0%,s1354.m4a,boih8.mp3
1355,bui5,5,94.0%,s1355.m4a,bui5.mp3
1356,ce1,5,94.0%,s1356.m4a,ce1.mp3
1357,cou1,5,94.1%,s1357.m4a,cou1.mp3
1358,cung3,5,94.1%,s1358.m4a,cung3.mp3
1359,cuê1,5,94.1%,s1359.m4a,cuê1.mp3
1360,cuêng2,5,94.1%,s1360.m4a,cuêng2.mp3
1361,diu1,5,94.1%,s1361.m4a,diu1.mp3
1362,diêg8,5,94.1%,s1362.m4a,diêg8.mp3
1363,diêh8,5,94.2%,s1363.m4a,diêh8.mp3
1364,dou1,5,94.2%,s1364.m4a,dou1.mp3
1365,dui5,5,94.2%,s1365.m4a,dui5.mp3
1366,gao6,5,94.2%,s1366.m4a,gao6.mp3
1367,gaoh4,5,94.2%,s1367.m4a,gaoh4.mp3
1368,ghi5,5,94.2%,s1368.m4a,ghi5.mp3
1369,ghou5,5,94.2%,s1369.m4a,ghou5.mp3
1370,gia6,5,94.3%,s1370.m4a,gia6.mp3
1371,gian3,5,94.3%,s1371.m4a,gian3.mp3
1372,giang2,5,94.3%,s1372.m4a,giang2.mp3
1373,giang6,5,94.3%,s1373.m4a,giang6.mp3
1374,giu6,5,94.3%,s1374.m4a,giu6.mp3
1375,goh4,5,94.3%,s1375.m4a,goh4.mp3
1376,goi7,5,94.4%,s1376.m4a,goi7.mp3
1377,guan7,5,94.4%,s1377.m4a,guan7.mp3
1378,hang7,5,94.4%,s1378.m4a,hang7.mp3
1379,hiah8,5,94.4%,s1379.m4a,hiah8.mp3
1380,hib4,5,94.4%,s1380.m4a,hib4.mp3
1381,hiong5,5,94.4%,s1381.m4a,hiong5.mp3
1382,hiou2,5,94.4%,s1382.m4a,hiou2.mp3
1383,hng5,5,94.5%,s1383.m4a,hng5.mp3
1384,ho3,5,94.5%,s1384.m4a,ho3.mp3
1385,hong2,5,94.5%,s1385.m4a,hong2.mp3
1386,hua6,5,94.5%,s1386.m4a,hua6.mp3
1387,hê5,5,94.5%,s1387.m4a,hê5.mp3
1388,iah4,5,94.5%,s1388.m4a,iah4.mp3
1389,keng3,5,94.5%,s1389.m4a,keng3.mp3
1390,kia6,5,94.6%,s1390.m4a,kia6.mp3
1391,kiah4,5,94.6%,s1391.m4a,kiah4.mp3
1392,kiong2,5,94.6%,s1392.m4a,kiong2.mp3
1393,kiou3,5,94.6%,s1393.m4a,kiou3.mp3
1394,la5,5,94.6%,s1394.m4a,la5.mp3
1395,liam2,5,94.6%,s1395.m4a,liam2.mp3
1396,liu1,5,94.7%,s1396.m4a,liu1.mp3
1397,liêng6,5,94.7%,s1397.m4a,liêng6.mp3
1398,loi5,5,94.7%,s1398.m4a,loi5.mp3
1399,lug4,5,94.7%,s1399.m4a,lug4.mp3
1400,ma1,5,94.7%,s1400.m4a,ma1.mp3
1401,mai3,5,94.7%,s1401.m4a,mai3.mp3
1402,mi2,5,94.7%,s1402.m4a,mi2.mp3
1403,mong2,5,94.8%,s1403.m4a,mong2.mp3
1404,muê2,5,94.8%,s1404.m4a,muê2.mp3
1405,nag8,5,94.8%,s1405.m4a,nag8.mp3
1406,nang7,5,94.8%,s1406.m4a,nang7.mp3
1407,nao5,5,94.8%,s1407.m4a,nao5.mp3
1408,ngia2,5,94.8%,s1408.m4a,ngia2.mp3
1409,ngiam7,5,94.8%,s1409.m4a,ngiam7.mp3
1410,ngui6,5,94.9%,s1410.m4a,ngui6.mp3
1411,ni1,5,94.9%,s1411.m4a,ni1.mp3
1412,no5,5,94.9%,s1412.m4a,no5.mp3
1413,oh8,5,94.9%,s1413.m4a,oh8.mp3
1414,oi5,5,94.9%,s1414.m4a,oi5.mp3
1415,pan3,5,94.9%,s1415.m4a,pan3.mp3
1416,pig4,5,95.0%,s1416.m4a,pig4.mp3
1417,po2,5,95.0%,s1417.m4a,po2.mp3
1418,pong2,5,95.0%,s1418.m4a,pong2.mp3
1419,pung3,5,95.0%,s1419.m4a,pung3.mp3
1420,puê1,5,95.0%,s1420.m4a,puê1.mp3
1421,puêh8,5,95.0%,s1421.m4a,puêh8.mp3
1422,riou2,5,95.0%,s1422.m4a,riou2.mp3
1423,ruah8,5,95.1%,s1423.m4a,ruah8.mp3
1424,rung2,5,95.1%,s1424.m4a,rung2.mp3
1425,ruêg8,5,95.1%,s1425.m4a,ruêg8.mp3
1426,sab4,5,95.1%,s1426.m4a,sab4.mp3
1427,siah4,5,95.1%,s1427.m4a,siah4.mp3
1428,song2,5,95.1%,s1428.m4a,song2.mp3
1429,sui6,5,95.2%,s1429.m4a,sui6.mp3
1430,suêng3,5,95.2%,s1430.m4a,suêng3.mp3
1431,suêng7,5,95.2%,s1431.m4a,suêng7.mp3
1432,sên2,5,95.2%,s1432.m4a,sên2.mp3
1433,tiah4,5,95.2%,s1433.m4a,tiah4.mp3
1434,to1,5,95.2%,s1434.m4a,to1.mp3
1435,tou3,5,95.2%,s1435.m4a,tou3.mp3
1436,tuan1,5,95.3%,s1436.m4a,tuan1.mp3
1437,uan7,5,95.3%,s1437.m4a,uan7.mp3
1438,ui6,5,95.3%,s1438.m4a,ui6.mp3
1439,uêh8,5,95.3%,s1439.m4a,uêh8.mp3
1440,uêng3,5,95.3%,s1440.m4a,uêng3.mp3
1441,zang2,5,95.3%,s1441.m4a,zang2.mp3
1442,zeng7,5,95.3%,s1442.m4a,zeng7.mp3
1443,ziam6,5,95.4%,s1443.m4a,ziam6.mp3
1444,zin3,5,95.4%,s1444.m4a,zin3.mp3
1445,zua2,5,95.4%,s1445.m4a,zua2.mp3
1446,zuan1,5,95.4%,s1446.m4a,zuan1.mp3
1447,zuan5,5,95.4%,s1447.m4a,zuan5.mp3
1448,êng2,5,95.4%,s1448.m4a,êng2.mp3
1449,a7,4,95.5%,s1449.m4a,a7.mp3
1450,ab4,4,95.5%,s1450.m4a,ab4.mp3
1451,ai7,4,95.5%,s1451.m4a,ai7.mp3
1452,am6,4,95.5%,s1452.m4a,am6.mp3
1453,bhiê5,4,95.5%,s1453.m4a,bhiê5.mp3
1454,bhoi2,4,95.5%,s1454.m4a,bhoi2.mp3
1455,bhug4,4,95.5%,s1455.m4a,bhug4.mp3
1456,biah4,4,95.5%,s1456.m4a,biah4.mp3
1457,bian2,4,95.5%,s1457.m4a,bian2.mp3
1458,bog4,4,95.6%,s1458.m4a,bog4.mp3
1459,boin5,4,95.6%,s1459.m4a,boin5.mp3
1460,bu1,4,95.6%,s1460.m4a,bu1.mp3
1461,cag8,4,95.6%,s1461.m4a,cag8.mp3
1462,ceng5,4,95.6%,s1462.m4a,ceng5.mp3
1463,dai2,4,95.6%,s1463.m4a,dai2.mp3
1464,dam6,4,95.6%,s1464.m4a,dam6.mp3
1465,dan2,4,95.6%,s1465.m4a,dan2.mp3
1466,diam5,4,95.7%,s1466.m4a,diam5.mp3
1467,dim1,4,95.7%,s1467.m4a,dim1.mp3
1468,dong5,4,95.7%,s1468.m4a,dong5.mp3
1469,dong7,4,95.7%,s1469.m4a,dong7.mp3
1470,dou2,4,95.7%,s1470.m4a,dou2.mp3
1471,dua6,4,95.7%,s1471.m4a,dua6.mp3
1472,dên7,4,95.7%,s1472.m4a,dên7.mp3
1473,ga2,4,95.7%,s1473.m4a,ga2.mp3
1474,ghe6,4,95.8%,s1474.m4a,ghe6.mp3
1475,gho5,4,95.8%,s1475.m4a,gho5.mp3
1476,gim2,4,95.8%,s1476.m4a,gim2.mp3
1477,gin3,4,95.8%,s1477.m4a,gin3.mp3
1478,giu1,4,95.8%,s1478.m4a,giu1.mp3
1479,goin2,4,95.8%,s1479.m4a,goin2.mp3
1480,gu7,4,95.8%,s1480.m4a,gu7.mp3
1481,gêh8,4,95.8%,s1481.m4a,gêh8.mp3
1482,hab8,4,95.9%,s1482.m4a,hab8.mp3
1483,ham1,4,95.9%,s1483.m4a,ham1.mp3
1484,ham2,4,95.9%,s1484.m4a,ham2.mp3
1485,ham3,4,95.9%,s1485.m4a,ham3.mp3
1486,hang8,4,95.9%,s1486.m4a,hang8.mp3
1487,hia1,4,95.9%,s1487.m4a,hia1.mp3
1488,hiah4,4,95.9%,s1488.m4a,hiah4.mp3
1489,hin5,4,95.9%,s1489.m4a,hin5.mp3
1490,hua1,4,95.9%,s1490.m4a,hua1.mp3
1491,iab8,4,96.0%,s1491.m4a,iab8.mp3
1492,iah8,4,96.0%,s1492.m4a,iah8.mp3
1493,im5,4,96.0%,s1493.m4a,im5.mp3
1494,iê6,4,96.0%,s1494.m4a,iê6.mp3
1495,kah4,4,96.0%,s1495.m4a,kah4.mp3
1496,kao1,4,96.0%,s1496.m4a,kao1.mp3
1497,kia1,4,96.0%,s1497.m4a,kia1.mp3
1498,kiam5,4,96.0%,s1498.m4a,kiam5.mp3
1499,kiou2,4,96.1%,s1499.m4a,kiou2.mp3
1500,kiêng5,4,96.1%,s1500.m4a,kiêng5.mp3
1501,koih4,4,96.1%,s1501.m4a,koih4.mp3
1502,kuah4,4,96.1%,s1502.m4a,kuah4.mp3
1503,lai3,4,96.1%,s1503.m4a,lai3.mp3
1504,liam7,4,96.1%,s1504.m4a,liam7.mp3
1505,liu2,4,96.1%,s1505.m4a,liu2.mp3
1506,luah4,4,96.1%,s1506.m4a,luah4.mp3
1507,lung2,4,96.2%,s1507.m4a,lung2.mp3
1508,lung3,4,96.2%,s1508.m4a,lung3.mp3
1509,m6,4,96.2%,s1509.m4a,m6.mp3
1510,mi1,4,96.2%,s1510.m4a,mi1.mp3
1511,ming2,4,96.2%,s1511.m4a,ming2.mp3
1512,muê5,4,96.2%,s1512.m4a,muê5.mp3
1513,ngiou1,4,96.2%,s1513.m4a,ngiou1.mp3
1514,niou2,4,96.2%,s1514.m4a,niou2.mp3
1515,niou3,4,96.3%,s1515.m4a,niou3.mp3
1516,pag8,4,96.3%,s1516.m4a,pag8.mp3
1517,pang2,4,96.3%,s1517.m4a,pang2.mp3
1518,pang3,4,96.3%,s1518.m4a,pang3.mp3
1519,pang7,4,96.3%,s1519.m4a,pang7.mp3
1520,pin7,4,96.3%,s1520.m4a,pin7.mp3
1521,piou3,4,96.3%,s1521.m4a,piou3.mp3
1522,piou5,4,96.3%,s1522.m4a,piou5.mp3
1523,puan3,4,96.3%,s1523.m4a,puan3.mp3
1524,ria2,4,96.4%,s1524.m4a,ria2.mp3
1525,sab8,4,96.4%,s1525.m4a,sab8.mp3
1526,sang2,4,96.4%,s1526.m4a,sang2.mp3
1527,siam2,4,96.4%,s1527.m4a,siam2.mp3
1528,sib4,4,96.4%,s1528.m4a,sib4.mp3
1529,sim5,4,96.4%,s1529.m4a,sim5.mp3
1530,song3,4,96.4%,s1530.m4a,song3.mp3
1531,suang2,4,96.4%,s1531.m4a,suang2.mp3
1532,tah4,4,96.5%,s1532.m4a,tah4.mp3
1533,tai1,4,96.5%,s1533.m4a,tai1.mp3
1534,tiam2,4,96.5%,s1534.m4a,tiam2.mp3
1535,tiou2,4,96.5%,s1535.m4a,tiou2.mp3
1536,tiêng2,4,96.5%,s1536.m4a,tiêng2.mp3
1537,tua1,4,96.5%,s1537.m4a,tua1.mp3
1538,uan2,4,96.5%,s1538.m4a,uan2.mp3
1539,uang1,4,96.5%,s1539.m4a,uang1.mp3
1540,uang6,4,96.6%,s1540.m4a,uang6.mp3
1541,uêh4,4,96.6%,s1541.m4a,uêh4.mp3
1542,zao1,4,96.6%,s1542.m4a,zao1.mp3
1543,ze3,4,96.6%,s1543.m4a,ze3.mp3
1544,ze5,4,96.6%,s1544.m4a,ze5.mp3
1545,zia1,4,96.6%,s1545.m4a,zia1.mp3
1546,zia7,4,96.6%,s1546.m4a,zia7.mp3
1547,ziou3,4,96.6%,s1547.m4a,ziou3.mp3
1548,ziu3,4,96.7%,s1548.m4a,ziu3.mp3
1549,zoih8,4,96.7%,s1549.m4a,zoih8.mp3
1550,zui3,4,96.7%,s1550.m4a,zui3.mp3
1551,zung7,4,96.7%,s1551.m4a,zung7.mp3
1552,zê7,4,96.7%,s1552.m4a,zê7.mp3
1553,êg4,4,96.7%,s1553.m4a,êg4.mp3
1554,ab8,3,96.7%,s1554.m4a,ab8.mp3
1555,an6,3,96.7%,s1555.m4a,an6.mp3
1556,ao5,3,96.7%,s1556.m4a,ao5.mp3
1557,ba5,3,96.7%,s1557.m4a,ba5.mp3
1558,ba6,3,96.8%,s1558.m4a,ba6.mp3
1559,ba7,3,96.8%,s1559.m4a,ba7.mp3
1560,bai3,3,96.8%,s1560.m4a,bai3.mp3
1561,bhig8,3,96.8%,s1561.m4a,bhig8.mp3
1562,bhoi6,3,96.8%,s1562.m4a,bhoi6.mp3
1563,bhou5,3,96.8%,s1563.m4a,bhou5.mp3
1564,bhu7,3,96.8%,s1564.m4a,bhu7.mp3
1565,bhuah4,3,96.8%,s1565.m4a,bhuah4.mp3
1566,bhuang7,3,96.8%,s1566.m4a,bhuang7.mp3
1567,bhung1,3,96.8%,s1567.m4a,bhung1.mp3
1568,biang6,3,96.8%,s1568.m4a,biang6.mp3
1569,bih4,3,96.9%,s1569.m4a,bih4.mp3
1570,bin3,3,96.9%,s1570.m4a,bin3.mp3
1571,bin6,3,96.9%,s1571.m4a,bin6.mp3
1572,biu1,3,96.9%,s1572.m4a,biu1.mp3
1573,bog8,3,96.9%,s1573.m4a,bog8.mp3
1574,bêng5,3,96.9%,s1574.m4a,bêng5.mp3
1575,ca2,3,96.9%,s1575.m4a,ca2.mp3
1576,ci2,3,96.9%,s1576.m4a,ci2.mp3
1577,ciab4,3,96.9%,s1577.m4a,ciab4.mp3
1578,cih8,3,96.9%,s1578.m4a,cih8.mp3
1579,cin2,3,96.9%,s1579.m4a,cin2.mp3
1580,coh8,3,97.0%,s1580.m4a,coh8.mp3
1581,cuan3,3,97.0%,s1581.m4a,cuan3.mp3
1582,cuê5,3,97.0%,s1582.m4a,cuê5.mp3
1583,dam2,3,97.0%,s1583.m4a,dam2.mp3
1584,dan3,3,97.0%,s1584.m4a,dan3.mp3
1585,dih8,3,97.0%,s1585.m4a,dih8.mp3
1586,dim5,3,97.0%,s1586.m4a,dim5.mp3
1587,ding5,3,97.0%,s1587.m4a,ding5.mp3
1588,diu5,3,97.0%,s1588.m4a,diu5.mp3
1589,dui6,3,97.0%,s1589.m4a,dui6.mp3
1590,dung2,3,97.0%,s1590.m4a,dung2.mp3
1591,ga6,3,97.1%,s1591.m4a,ga6.mp3
1592,gao5,3,97.1%,s1592.m4a,gao5.mp3
1593,geg8,3,97.1%,s1593.m4a,geg8.mp3
1594,gho7,3,97.1%,s1594.m4a,gho7.mp3
1595,giam5,3,97.1%,s1595.m4a,giam5.mp3
1596,giêh4,3,97.1%,s1596.m4a,giêh4.mp3
1597,gong2,3,97.1%,s1597.m4a,gong2.mp3
1598,guag4,3,97.1%,s1598.m4a,guag4.mp3
1599,guai1,3,97.1%,s1599.m4a,guai1.mp3
1600,guai2,3,97.1%,s1600.m4a,guai2.mp3
1601,guang3,3,97.1%,s1601.m4a,guang3.mp3
1602,gui6,3,97.2%,s1602.m4a,gui6.mp3
1603,ha1,3,97.2%,s1603.m4a,ha1.mp3
1604,ham7,3,97.2%,s1604.m4a,ham7.mp3
1605,hia3,3,97.2%,s1605.m4a,hia3.mp3
1606,hiag4,3,97.2%,s1606.m4a,hiag4.mp3
1607,hng6,3,97.2%,s1607.m4a,hng6.mp3
1608,huag8,3,97.2%,s1608.m4a,huag8.mp3
1609,huh4,3,97.2%,s1609.m4a,huh4.mp3
1610,huin2,3,97.2%,s1610.m4a,huin2.mp3
1611,huêng6,3,97.2%,s1611.m4a,huêng6.mp3
1612,hêh4,3,97.2%,s1612.m4a,hêh4.mp3
1613,im3,3,97.3%,s1613.m4a,im3.mp3
1614,in3,3,97.3%,s1614.m4a,in3.mp3
1615,iou6,3,97.3%,s1615.m4a,iou6.mp3
1616,iê1,3,97.3%,s1616.m4a,iê1.mp3
1617,iêng5,3,97.3%,s1617.m4a,iêng5.mp3
1618,kang2,3,97.3%,s1618.m4a,kang2.mp3
1619,kiam6,3,97.3%,s1619.m4a,kiam6.mp3
1620,kih4,3,97.3%,s1620.m4a,kih4.mp3
1621,kiên1,3,97.3%,s1621.m4a,kiên1.mp3
1622,ku6,3,97.3%,s1622.m4a,ku6.mp3
1623,lah4,3,97.3%,s1623.m4a,lah4.mp3
1624,lang1,3,97.4%,s1624.m4a,lang1.mp3
1625,le5,3,97.4%,s1625.m4a,le5.mp3
1626,li3,3,97.4%,s1626.m4a,li3.mp3
1627,liam1,3,97.4%,s1627.m4a,liam1.mp3
1628,ma7,3,97.4%,s1628.m4a,ma7.mp3
1629,mao3,3,97.4%,s1629.m4a,mao3.mp3
1630,mih4,3,97.4%,s1630.m4a,mih4.mp3
1631,moh4,3,97.4%,s1631.m4a,moh4.mp3
1632,mug4,3,97.4%,s1632.m4a,mug4.mp3
1633,nab4,3,97.4%,s1633.m4a,nab4.mp3
1634,neng3,3,97.4%,s1634.m4a,neng3.mp3
1635,ngao1,3,97.5%,s1635.m4a,ngao1.mp3
1636,ngiag8,3,97.5%,s1636.m4a,ngiag8.mp3
1637,ngiêng3,3,97.5%,s1637.m4a,ngiêng3.mp3
1638,niu6,3,97.5%,s1638.m4a,niu6.mp3
1639,nou5,3,97.5%,s1639.m4a,nou5.mp3
1640,nuan7,3,97.5%,s1640.m4a,nuan7.mp3
1641,nên2,3,97.5%,s1641.m4a,nên2.mp3
1642,oi2,3,97.5%,s1642.m4a,oi2.mp3
1643,ong3,3,97.5%,s1643.m4a,ong3.mp3
1644,pai2,3,97.5%,s1644.m4a,pai2.mp3
1645,pua5,3,97.5%,s1645.m4a,pua5.mp3
1646,pui3,3,97.6%,s1646.m4a,pui3.mp3
1647,pêng3,3,97.6%,s1647.m4a,pêng3.mp3
1648,riê7,3,97.6%,s1648.m4a,riê7.mp3
1649,rong2,3,97.6%,s1649.m4a,rong2.mp3
1650,rung7,3,97.6%,s1650.m4a,rung7.mp3
1651,ruêng2,3,97.6%,s1651.m4a,ruêng2.mp3
1652,seng2,3,97.6%,s1652.m4a,seng2.mp3
1653,siê2,3,97.6%,s1653.m4a,siê2.mp3
1654,siêng3,3,97.6%,s1654.m4a,siêng3.mp3
1655,soih4,3,97.6%,s1655.m4a,soih4.mp3
1656,sêg8,3,97.6%,s1656.m4a,sêg8.mp3
1657,tiog4,3,97.7%,s1657.m4a,tiog4.mp3
1658,tiu2,3,97.7%,s1658.m4a,tiu2.mp3
1659,tiê1,3,97.7%,s1659.m4a,tiê1.mp3
1660,tuah4,3,97.7%,s1660.m4a,tuah4.mp3
1661,tui2,3,97.7%,s1661.m4a,tui2.mp3
1662,tê7,3,97.7%,s1662.m4a,tê7.mp3
1663,uin3,3,97.7%,s1663.m4a,uin3.mp3
1664,uêg4,3,97.7%,s1664.m4a,uêg4.mp3
1665,zah8,3,97.7%,s1665.m4a,zah8.mp3
1666,zai5,3,97.7%,s1666.m4a,zai5.mp3
1667,zan3,3,97.7%,s1667.m4a,zan3.mp3
1668,zi6,3,97.8%,s1668.m4a,zi6.mp3
1669,zim1,3,97.8%,s1669.m4a,zim1.mp3
1670,zim2,3,97.8%,s1670.m4a,zim2.mp3
1671,zim3,3,97.8%,s1671.m4a,zim3.mp3
1672,zuang2,3,97.8%,s1672.m4a,zuang2.mp3
1673,zug8,3,97.8%,s1673.m4a,zug8.mp3
1674,zê3,3,97.8%,s1674.m4a,zê3.mp3
1675,ai3,2,97.8%,s1675.m4a,ai3.mp3
1676,am2,2,97.8%,s1676.m4a,am2.mp3
1677,bhih4,2,97.8%,s1677.m4a,bhih4.mp3
1678,bo5,2,97.8%,s1678.m4a,bo5.mp3
1679,boin1,2,97.8%,s1679.m4a,boin1.mp3
1680,boin2,2,97.8%,s1680.m4a,boin2.mp3
1681,bong5,2,97.9%,s1681.m4a,bong5.mp3
1682,bou5,2,97.9%,s1682.m4a,bou5.mp3
1683,buah4,2,97.9%,s1683.m4a,buah4.mp3
1684,bui3,2,97.9%,s1684.m4a,bui3.mp3
1685,cai1,2,97.9%,s1685.m4a,cai1.mp3
1686,cam3,2,97.9%,s1686.m4a,cam3.mp3
1687,ci7,2,97.9%,s1687.m4a,ci7.mp3
1688,ciam3,2,97.9%,s1688.m4a,ciam3.mp3
1689,cim3,2,97.9%,s1689.m4a,cim3.mp3
1690,coh4,2,97.9%,s1690.m4a,coh4.mp3
1691,coi3,2,97.9%,s1691.m4a,coi3.mp3
1692,coin2,2,97.9%,s1692.m4a,coin2.mp3
1693,cou5,2,97.9%,s1693.m4a,cou5.mp3
1694,cua3,2,97.9%,s1694.m4a,cua3.mp3
1695,cua7,2,97.9%,s1695.m4a,cua7.mp3
1696,cuah4,2,97.9%,s1696.m4a,cuah4.mp3
1697,cuang5,2,97.9%,s1697.m4a,cuang5.mp3
1698,cuê2,2,98.0%,s1698.m4a,cuê2.mp3
1699,cuê7,2,98.0%,s1699.m4a,cuê7.mp3
1700,cê3,2,98.0%,s1700.m4a,cê3.mp3
1701,cên2,2,98.0%,s1701.m4a,cên2.mp3
1702,da1,2,98.0%,s1702.m4a,da1.mp3
1703,dam3,2,98.0%,s1703.m4a,dam3.mp3
1704,deng2,2,98.0%,s1704.m4a,deng2.mp3
1705,dia1,2,98.0%,s1705.m4a,dia1.mp3
1706,diag4,2,98.0%,s1706.m4a,diag4.mp3
1707,diah4,2,98.0%,s1707.m4a,diah4.mp3
1708,diam6,2,98.0%,s1708.m4a,diam6.mp3
1709,dian2,2,98.0%,s1709.m4a,dian2.mp3
1710,dian5,2,98.0%,s1710.m4a,dian5.mp3
1711,diu7,2,98.0%,s1711.m4a,diu7.mp3
1712,doi1,2,98.0%,s1712.m4a,doi1.mp3
1713,du5,2,98.0%,s1713.m4a,du5.mp3
1714,duah4,2,98.1%,s1714.m4a,duah4.mp3
1715,duan5,2,98.1%,s1715.m4a,duan5.mp3
1716,dung5,2,98.1%,s1716.m4a,dung5.mp3
1717,duê3,2,98.1%,s1717.m4a,duê3.mp3
1718,eng2,2,98.1%,s1718.m4a,eng2.mp3
1719,gam5,2,98.1%,s1719.m4a,gam5.mp3
1720,gan1,2,98.1%,s1720.m4a,gan1.mp3
1721,ge3,2,98.1%,s1721.m4a,ge3.mp3
1722,ghai7,2,98.1%,s1722.m4a,ghai7.mp3
1723,ghia3,2,98.1%,s1723.m4a,ghia3.mp3
1724,ghui7,2,98.1%,s1724.m4a,ghui7.mp3
1725,gia3,2,98.1%,s1725.m4a,gia3.mp3
1726,giag4,2,98.1%,s1726.m4a,giag4.mp3
1727,giam3,2,98.1%,s1727.m4a,giam3.mp3
1728,giang3,2,98.1%,s1728.m4a,giang3.mp3
1729,gim6,2,98.1%,s1729.m4a,gim6.mp3
1730,giou6,2,98.1%,s1730.m4a,giou6.mp3
1731,giê7,2,98.2%,s1731.m4a,giê7.mp3
1732,giên1,2,98.2%,s1732.m4a,giên1.mp3
1733,giên5,2,98.2%,s1733.m4a,giên5.mp3
1734,gong5,2,98.2%,s1734.m4a,gong5.mp3
1735,guan5,2,98.2%,s1735.m4a,guan5.mp3
1736,gung5,2,98.2%,s1736.m4a,gung5.mp3
1737,guêh4,2,98.2%,s1737.m4a,guêh4.mp3
1738,guêh8,2,98.2%,s1738.m4a,guêh8.mp3
1739,guêng6,2,98.2%,s1739.m4a,guêng6.mp3
1740,gê5,2,98.2%,s1740.m4a,gê5.mp3
1741,hab4,2,98.2%,s1741.m4a,hab4.mp3
1742,hai1,2,98.2%,s1742.m4a,hai1.mp3
1743,hiam5,2,98.2%,s1743.m4a,hiam5.mp3
1744,hig4,2,98.2%,s1744.m4a,hig4.mp3
1745,him1,2,98.2%,s1745.m4a,him1.mp3
1746,hng2,2,98.2%,s1746.m4a,hng2.mp3
1747,hoi6,2,98.3%,s1747.m4a,hoi6.mp3
1748,huag4,2,98.3%,s1748.m4a,huag4.mp3
1749,huah8,2,98.3%,s1749.m4a,huah8.mp3
1750,huang6,2,98.3%,s1750.m4a,huang6.mp3
1751,hê6,2,98.3%,s1751.m4a,hê6.mp3
1752,iun3,2,98.3%,s1752.m4a,iun3.mp3
1753,iê7,2,98.3%,s1753.m4a,iê7.mp3
1754,iêg4,2,98.3%,s1754.m4a,iêg4.mp3
1755,keg8,2,98.3%,s1755.m4a,keg8.mp3
1756,keh4,2,98.3%,s1756.m4a,keh4.mp3
1757,keng1,2,98.3%,s1757.m4a,keng1.mp3
1758,keng2,2,98.3%,s1758.m4a,keng2.mp3
1759,kiêg8,2,98.3%,s1759.m4a,kiêg8.mp3
1760,kiêh8,2,98.3%,s1760.m4a,kiêh8.mp3
1761,kuag4,2,98.3%,s1761.m4a,kuag4.mp3
1762,kuan3,2,98.3%,s1762.m4a,kuan3.mp3
1763,kuêg4,2,98.3%,s1763.m4a,kuêg4.mp3
1764,kên1,2,98.4%,s1764.m4a,kên1.mp3
1765,la6,2,98.4%,s1765.m4a,la6.mp3
1766,lao3,2,98.4%,s1766.m4a,lao3.mp3
1767,liab8,2,98.4%,s1767.m4a,liab8.mp3
1768,liou6,2,98.4%,s1768.m4a,liou6.mp3
1769,liu7,2,98.4%,s1769.m4a,liu7.mp3
1770,lo7,2,98.4%,s1770.m4a,lo7.mp3
1771,loi3,2,98.4%,s1771.m4a,loi3.mp3
1772,lu1,2,98.4%,s1772.m4a,lu1.mp3
1773,luêng3,2,98.4%,s1773.m4a,luêng3.mp3
1774,lê7,2,98.4%,s1774.m4a,lê7.mp3
1775,lêng7,2,98.4%,s1775.m4a,lêng7.mp3
1776,ma5,2,98.4%,s1776.m4a,ma5.mp3
1777,mai6,2,98.4%,s1777.m4a,mai6.mp3
1778,mo1,2,98.4%,s1778.m4a,mo1.mp3
1779,muag8,2,98.4%,s1779.m4a,muag8.mp3
1780,muan7,2,98.5%,s1780.m4a,muan7.mp3
1781,mên2,2,98.5%,s1781.m4a,mên2.mp3
1782,na7,2,98.5%,s1782.m4a,na7.mp3
1783,nao7,2,98.5%,s1783.m4a,nao7.mp3
1784,ng7,2,98.5%,s1784.m4a,ng7.mp3
1785,ngang1,2,98.5%,s1785.m4a,ngang1.mp3
1786,ngiam2,2,98.5%,s1786.m4a,ngiam2.mp3
1787,ngiêg4,2,98.5%,s1787.m4a,ngiêg4.mp3
1788,ngoih4,2,98.5%,s1788.m4a,ngoih4.mp3
1789,nuan3,2,98.5%,s1789.m4a,nuan3.mp3
1790,nê1,2,98.5%,s1790.m4a,nê1.mp3
1791,nêg4,2,98.5%,s1791.m4a,nêg4.mp3
1792,oh4,2,98.5%,s1792.m4a,oh4.mp3
1793,ong2,2,98.5%,s1793.m4a,ong2.mp3
1794,ong6,2,98.5%,s1794.m4a,ong6.mp3
1795,ou7,2,98.5%,s1795.m4a,ou7.mp3
1796,pa1,2,98.5%,s1796.m4a,pa1.mp3
1797,pao2,2,98.6%,s1797.m4a,pao2.mp3
1798,piah4,2,98.6%,s1798.m4a,piah4.mp3
1799,piah8,2,98.6%,s1799.m4a,piah8.mp3
1800,piou2,2,98.6%,s1800.m4a,piou2.mp3
1801,piu3,2,98.6%,s1801.m4a,piu3.mp3
1802,piu5,2,98.6%,s1802.m4a,piu5.mp3
1803,piê3,2,98.6%,s1803.m4a,piê3.mp3
1804,piê5,2,98.6%,s1804.m4a,piê5.mp3
1805,piêng5,2,98.6%,s1805.m4a,piêng5.mp3
1806,po6,2,98.6%,s1806.m4a,po6.mp3
1807,pou5,2,98.6%,s1807.m4a,pou5.mp3
1808,pu2,2,98.6%,s1808.m4a,pu2.mp3
1809,puan1,2,98.6%,s1809.m4a,puan1.mp3
1810,puêg4,2,98.6%,s1810.m4a,puêg4.mp3
1811,riab8,2,98.6%,s1811.m4a,riab8.mp3
1812,rih8,2,98.6%,s1812.m4a,rih8.mp3
1813,rim5,2,98.7%,s1813.m4a,rim5.mp3
1814,rung6,2,98.7%,s1814.m4a,rung6.mp3
1815,ruê7,2,98.7%,s1815.m4a,ruê7.mp3
1816,sa6,2,98.7%,s1816.m4a,sa6.mp3
1817,sai6,2,98.7%,s1817.m4a,sai6.mp3
1818,sian7,2,98.7%,s1818.m4a,sian7.mp3
1819,sih4,2,98.7%,s1819.m4a,sih4.mp3
1820,siu5,2,98.7%,s1820.m4a,siu5.mp3
1821,siên7,2,98.7%,s1821.m4a,siên7.mp3
1822,sua3,2,98.7%,s1822.m4a,sua3.mp3
1823,suain7,2,98.7%,s1823.m4a,suain7.mp3
1824,suh4,2,98.7%,s1824.m4a,suh4.mp3
1825,tab8,2,98.7%,s1825.m4a,tab8.mp3
1826,tai2,2,98.7%,s1826.m4a,tai2.mp3
1827,tao2,2,98.7%,s1827.m4a,tao2.mp3
1828,tiag4,2,98.7%,s1828.m4a,tiag4.mp3
1829,tiam5,2,98.7%,s1829.m4a,tiam5.mp3
1830,tian3,2,98.8%,s1830.m4a,tian3.mp3
1831,ting1,2,98.8%,s1831.m4a,ting1.mp3
1832,tog4,2,98.8%,s1832.m4a,tog4.mp3
1833,toh8,2,98.8%,s1833.m4a,toh8.mp3
1834,tua7,2,98.8%,s1834.m4a,tua7.mp3
1835,tuang5,2,98.8%,s1835.m4a,tuang5.mp3
1836,tuê5,2,98.8%,s1836.m4a,tuê5.mp3
1837,têh4,2,98.8%,s1837.m4a,têh4.mp3
1838,tên3,2,98.8%,s1838.m4a,tên3.mp3
1839,têng3,2,98.8%,s1839.m4a,têng3.mp3
1840,ua7,2,98.8%,s1840.m4a,ua7.mp3
1841,uah4,2,98.8%,s1841.m4a,uah4.mp3
1842,uan6,2,98.8%,s1842.m4a,uan6.mp3
1843,ung3,2,98.8%,s1843.m4a,ung3.mp3
1844,ung6,2,98.8%,s1844.m4a,ung6.mp3
1845,zag8,2,98.8%,s1845.m4a,zag8.mp3
1846,zam3,2,98.9%,s1846.m4a,zam3.mp3
1847,zeng2,2,98.9%,s1847.m4a,zeng2.mp3
1848,zi5,2,98.9%,s1848.m4a,zi5.mp3
1849,ziouh4,2,98.9%,s1849.m4a,ziouh4.mp3
1850,zo5,2,98.9%,s1850.m4a,zo5.mp3
1851,zoi7,2,98.9%,s1851.m4a,zoi7.mp3
1852,zua5,2,98.9%,s1852.m4a,zua5.mp3
1853,zuah8,2,98.9%,s1853.m4a,zuah8.mp3
1854,zuan7,2,98.9%,s1854.m4a,zuan7.mp3
1855,zê1,2,98.9%,s1855.m4a,zê1.mp3
1856,ê2,2,98.9%,s1856.m4a,ê2.mp3
1857,ên5,2,98.9%,s1857.m4a,ên5.mp3
1858,ai5,1,98.9%,s1858.m4a,ai5.mp3
1859,an1,1,98.9%,s1859.m4a,an1.mp3
1860,an5,1,98.9%,s1860.m4a,an5.mp3
1861,an7,1,98.9%,s1861.m4a,an7.mp3
1862,ang2,1,98.9%,s1862.m4a,ang2.mp3
1863,aon1,1,98.9%,s1863.m4a,aon1.mp3
1864,bang7,1,98.9%,s1864.m4a,bang7.mp3
1865,bha3,1,98.9%,s1865.m4a,bha3.mp3
1866,bhah4,1,98.9%,s1866.m4a,bhah4.mp3
1867,bhi6,1,98.9%,s1867.m4a,bhi6.mp3
1868,bhih8,1,98.9%,s1868.m4a,bhih8.mp3
1869,bhou7,1,99.0%,s1869.m4a,bhou7.mp3
1870,bhung2,1,99.0%,s1870.m4a,bhung2.mp3
1871,bhuê6,1,99.0%,s1871.m4a,bhuê6.mp3
1872,bhê5,1,99.0%,s1872.m4a,bhê5.mp3
1873,bhêh8,1,99.0%,s1873.m4a,bhêh8.mp3
1874,bhêng5,1,99.0%,s1874.m4a,bhêng5.mp3
1875,bian3,1,99.0%,s1875.m4a,bian3.mp3
1876,biang1,1,99.0%,s1876.m4a,biang1.mp3
1877,bin2,1,99.0%,s1877.m4a,bin2.mp3
1878,biou3,1,99.0%,s1878.m4a,biou3.mp3
1879,bo7,1,99.0%,s1879.m4a,bo7.mp3
1880,bong2,1,99.0%,s1880.m4a,bong2.mp3
1881,bong3,1,99.0%,s1881.m4a,bong3.mp3
1882,bu7,1,99.0%,s1882.m4a,bu7.mp3
1883,buan6,1,99.0%,s1883.m4a,buan6.mp3
1884,buh4,1,99.0%,s1884.m4a,buh4.mp3
1885,bui7,1,99.0%,s1885.m4a,bui7.mp3
1886,bung5,1,99.0%,s1886.m4a,bung5.mp3
1887,buê2,1,99.0%,s1887.m4a,buê2.mp3
1888,buê7,1,99.0%,s1888.m4a,buê7.mp3
1889,bê2,1,99.0%,s1889.m4a,bê2.mp3
1890,bê7,1,99.0%,s1890.m4a,bê7.mp3
1891,bên3,1,99.0%,s1891.m4a,bên3.mp3
1892,cam6,1,99.0%,s1892.m4a,cam6.mp3
1893,cim6,1,99.0%,s1893.m4a,cim6.mp3
1894,cin5,1,99.0%,s1894.m4a,cin5.mp3
1895,ciu3,1,99.0%,s1895.m4a,ciu3.mp3
1896,ciên2,1,99.0%,s1896.m4a,ciên2.mp3
1897,co6,1,99.0%,s1897.m4a,co6.mp3
1898,coih4,1,99.0%,s1898.m4a,coih4.mp3
1899,coin5,1,99.0%,s1899.m4a,coin5.mp3
1900,cong3,1,99.0%,s1900.m4a,cong3.mp3
1901,cu5,1,99.0%,s1901.m4a,cu5.mp3
1902,cua2,1,99.1%,s1902.m4a,cua2.mp3
1903,cuain6,1,99.1%,s1903.m4a,cuain6.mp3
1904,cuan1,1,99.1%,s1904.m4a,cuan1.mp3
1905,cê2,1,99.1%,s1905.m4a,cê2.mp3
1906,da5,1,99.1%,s1906.m4a,da5.mp3
1907,dai1,1,99.1%,s1907.m4a,dai1.mp3
1908,dai5,1,99.1%,s1908.m4a,dai5.mp3
1909,dam5,1,99.1%,s1909.m4a,dam5.mp3
1910,dan7,1,99.1%,s1910.m4a,dan7.mp3
1911,de7,1,99.1%,s1911.m4a,de7.mp3
1912,dia6,1,99.1%,s1912.m4a,dia6.mp3
1913,diab4,1,99.1%,s1913.m4a,diab4.mp3
1914,diah8,1,99.1%,s1914.m4a,diah8.mp3
1915,diam7,1,99.1%,s1915.m4a,diam7.mp3
1916,dian1,1,99.1%,s1916.m4a,dian1.mp3
1917,dian6,1,99.1%,s1917.m4a,dian6.mp3
1918,diang5,1,99.1%,s1918.m4a,diang5.mp3
1919,dim3,1,99.1%,s1919.m4a,dim3.mp3
1920,dim6,1,99.1%,s1920.m4a,dim6.mp3
1921,din5,1,99.1%,s1921.m4a,din5.mp3
1922,din6,1,99.1%,s1922.m4a,din6.mp3
1923,ding1,1,99.1%,s1923.m4a,ding1.mp3
1924,ding6,1,99.1%,s1924.m4a,ding6.mp3
1925,diou2,1,99.1%,s1925.m4a,diou2.mp3
1926,doi2,1,99.1%,s1926.m4a,doi2.mp3
1927,doi6,1,99.1%,s1927.m4a,doi6.mp3
1928,doi7,1,99.1%,s1928.m4a,doi7.mp3
1929,dom6,1,99.1%,s1929.m4a,dom6.mp3
1930,duag4,1,99.1%,s1930.m4a,duag4.mp3
1931,duan3,1,99.1%,s1931.m4a,duan3.mp3
1932,duan6,1,99.1%,s1932.m4a,duan6.mp3
1933,dug4,1,99.1%,s1933.m4a,dug4.mp3
1934,duh8,1,99.1%,s1934.m4a,duh8.mp3
1935,dung3,1,99.2%,s1935.m4a,dung3.mp3
1936,duê6,1,99.2%,s1936.m4a,duê6.mp3
1937,dê3,1,99.2%,s1937.m4a,dê3.mp3
1938,dêh4,1,99.2%,s1938.m4a,dêh4.mp3
1939,dêi1,1,99.2%,s1939.m4a,dêi1.mp3
1940,dên3,1,99.2%,s1940.m4a,dên3.mp3
1941,dên6,1,99.2%,s1941.m4a,dên6.mp3
1942,e7,1,99.2%,s1942.m4a,e7.mp3
1943,g1,1,99.2%,s1943.m4a,g1.mp3
1944,gag8,1,99.2%,s1944.m4a,gag8.mp3
1945,gai7,1,99.2%,s1945.m4a,gai7.mp3
1946,gan3,1,99.2%,s1946.m4a,gan3.mp3
1947,gan5,1,99.2%,s1947.m4a,gan5.mp3
1948,geng5,1,99.2%,s1948.m4a,geng5.mp3
1949,ghao5,1,99.2%,s1949.m4a,ghao5.mp3
1950,ghoi5,1,99.2%,s1950.m4a,ghoi5.mp3
1951,ghueh8,1,99.2%,s1951.m4a,ghueh8.mp3
1952,ghê7,1,99.2%,s1952.m4a,ghê7.mp3
1953,gih4,1,99.2%,s1953.m4a,gih4.mp3
1954,gin5,1,99.2%,s1954.m4a,gin5.mp3
1955,giê6,1,99.2%,s1955.m4a,giê6.mp3
1956,giêng2,1,99.2%,s1956.m4a,giêng2.mp3
1957,go5,1,99.2%,s1957.m4a,go5.mp3
1958,gog8,1,99.2%,s1958.m4a,gog8.mp3
1959,goi5,1,99.2%,s1959.m4a,goi5.mp3
1960,gou5,1,99.2%,s1960.m4a,gou5.mp3
1961,gua2,1,99.2%,s1961.m4a,gua2.mp3
1962,guain5,1,99.2%,s1962.m4a,guain5.mp3
1963,guan6,1,99.2%,s1963.m4a,guan6.mp3
1964,guang6,1,99.2%,s1964.m4a,guang6.mp3
1965,guh4,1,99.2%,s1965.m4a,guh4.mp3
1966,guin3,1,99.2%,s1966.m4a,guin3.mp3
1967,gung3,1,99.2%,s1967.m4a,gung3.mp3
1968,guê5,1,99.3%,s1968.m4a,guê5.mp3
1969,gê6,1,99.3%,s1969.m4a,gê6.mp3
1970,ha2,1,99.3%,s1970.m4a,ha2.mp3
1971,hain1,1,99.3%,s1971.m4a,hain1.mp3
1972,han5,1,99.3%,s1972.m4a,han5.mp3
1973,hao3,1,99.3%,s1973.m4a,hao3.mp3
1974,heng1,1,99.3%,s1974.m4a,heng1.mp3
1975,hiam1,1,99.3%,s1975.m4a,hiam1.mp3
1976,hian7,1,99.3%,s1976.m4a,hian7.mp3
1977,hiang5,1,99.3%,s1977.m4a,hiang5.mp3
1978,hih8,1,99.3%,s1978.m4a,hih8.mp3
1979,him5,1,99.3%,s1979.m4a,him5.mp3
1980,hing5,1,99.3%,s1980.m4a,hing5.mp3
1981,hiou5,1,99.3%,s1981.m4a,hiou5.mp3
1982,hioun1,1,99.3%,s1982.m4a,hioun1.mp3
1983,hiu6,1,99.3%,s1983.m4a,hiu6.mp3
1984,hiun2,1,99.3%,s1984.m4a,hiun2.mp3
1985,hiun5,1,99.3%,s1985.m4a,hiun5.mp3
1986,hiêng7,1,99.3%,s1986.m4a,hiêng7.mp3
1987,hm2,1,99.3%,s1987.m4a,hm2.mp3
1988,hngh4,1,99.3%,s1988.m4a,hngh4.mp3
1989,hoh8,1,99.3%,s1989.m4a,hoh8.mp3
1990,hoin2,1,99.3%,s1990.m4a,hoin2.mp3
1991,hoin6,1,99.3%,s1991.m4a,hoin6.mp3
1992,hoin7,1,99.3%,s1992.m4a,hoin7.mp3
1993,hou3,1,99.3%,s1993.m4a,hou3.mp3
1994,hua7,1,99.3%,s1994.m4a,hua7.mp3
1995,huah4,1,99.3%,s1995.m4a,huah4.mp3
1996,huai2,1,99.3%,s1996.m4a,huai2.mp3
1997,huai6,1,99.3%,s1997.m4a,huai6.mp3
1998,huain2,1,99.3%,s1998.m4a,huain2.mp3
1999,huainh4,1,99.3%,s1999.m4a,huainh4.mp3
2000,huan5,1,99.3%,s2000.m4a,huan5.mp3
2001,huan7,1,99.4%,s2001.m4a,huan7.mp3
2002,hui5,1,99.4%,s2002.m4a,hui5.mp3
2003,huê7,1,99.4%,s2003.m4a,huê7.mp3
2004,huên7,1,99.4%,s2004.m4a,huên7.mp3
2005,hê1,1,99.4%,s2005.m4a,hê1.mp3
2006,hê2,1,99.4%,s2006.m4a,hê2.mp3
2007,hêg8,1,99.4%,s2007.m4a,hêg8.mp3
2008,hênh4,1,99.4%,s2008.m4a,hênh4.mp3
2009,ia1,1,99.4%,s2009.m4a,ia1.mp3
2010,iag8,1,99.4%,s2010.m4a,iag8.mp3
2011,ih4,1,99.4%,s2011.m4a,ih4.mp3
2012,iou2,1,99.4%,s2012.m4a,iou2.mp3
2013,iou7,1,99.4%,s2013.m4a,iou7.mp3
2014,iouh4,1,99.4%,s2014.m4a,iouh4.mp3
2015,iê2,1,99.4%,s2015.m4a,iê2.mp3
2016,iên1,1,99.4%,s2016.m4a,iên1.mp3
2017,iêng7,1,99.4%,s2017.m4a,iêng7.mp3
2018,kab8,1,99.4%,s2018.m4a,kab8.mp3
2019,kang5,1,99.4%,s2019.m4a,kang5.mp3
2020,ki7,1,99.4%,s2020.m4a,ki7.mp3
2021,kiab4,1,99.4%,s2021.m4a,kiab4.mp3
2022,kiang2,1,99.4%,s2022.m4a,kiang2.mp3
2023,kig4,1,99.4%,s2023.m4a,kig4.mp3
2024,kim2,1,99.4%,s2024.m4a,kim2.mp3
2025,kim3,1,99.4%,s2025.m4a,kim3.mp3
2026,king5,1,99.4%,s2026.m4a,king5.mp3
2027,kiu2,1,99.4%,s2027.m4a,kiu2.mp3
2028,kiu3,1,99.4%,s2028.m4a,kiu3.mp3
2029,kiêh4,1,99.4%,s2029.m4a,kiêh4.mp3
2030,ko3,1,99.4%,s2030.m4a,ko3.mp3
2031,koin3,1,99.4%,s2031.m4a,koin3.mp3
2032,ku5,1,99.4%,s2032.m4a,ku5.mp3
2033,kuang2,1,99.4%,s2033.m4a,kuang2.mp3
2034,kuang6,1,99.5%,s2034.m4a,kuang6.mp3
2035,kuh4,1,99.5%,s2035.m4a,kuh4.mp3
2036,kuê5,1,99.5%,s2036.m4a,kuê5.mp3
2037,kê3,1,99.5%,s2037.m4a,kê3.mp3
2038,la7,1,99.5%,s2038.m4a,la7.mp3
2039,lab4,1,99.5%,s2039.m4a,lab4.mp3
2040,lai2,1,99.5%,s2040.m4a,lai2.mp3
2041,lam1,1,99.5%,s2041.m4a,lam1.mp3
2042,lam3,1,99.5%,s2042.m4a,lam3.mp3
2043,lam6,1,99.5%,s2043.m4a,lam6.mp3
2044,lang3,1,99.5%,s2044.m4a,lang3.mp3
2045,li1,1,99.5%,s2045.m4a,li1.mp3
2046,liah8,1,99.5%,s2046.m4a,liah8.mp3
2047,liam3,1,99.5%,s2047.m4a,liam3.mp3
2048,liang7,1,99.5%,s2048.m4a,liang7.mp3
2049,lim3,1,99.5%,s2049.m4a,lim3.mp3
2050,ling2,1,99.5%,s2050.m4a,ling2.mp3
2051,ling3,1,99.5%,s2051.m4a,ling3.mp3
2052,liou1,1,99.5%,s2052.m4a,liou1.mp3
2053,liê5,1,99.5%,s2053.m4a,liê5.mp3
2054,liêh4,1,99.5%,s2054.m4a,liêh4.mp3
2055,liêh8,1,99.5%,s2055.m4a,liêh8.mp3
2056,lo1,1,99.5%,s2056.m4a,lo1.mp3
2057,log4,1,99.5%,s2057.m4a,log4.mp3
2058,loi6,1,99.5%,s2058.m4a,loi6.mp3
2059,loi7,1,99.5%,s2059.m4a,loi7.mp3
2060,loih8,1,99.5%,s2060.m4a,loih8.mp3
2061,long1,1,99.5%,s2061.m4a,long1.mp3
2062,lua5,1,99.5%,s2062.m4a,lua5.mp3
2063,lua7,1,99.5%,s2063.m4a,lua7.mp3
2064,luah8,1,99.5%,s2064.m4a,luah8.mp3
2065,lui1,1,99.5%,s2065.m4a,lui1.mp3
2066,lêh4,1,99.5%,s2066.m4a,lêh4.mp3
2067,lêng1,1,99.6%,s2067.m4a,lêng1.mp3
2068,m7,1,99.6%,s2068.m4a,m7.mp3
2069,mag4,1,99.6%,s2069.m4a,mag4.mp3
2070,mang1,1,99.6%,s2070.m4a,mang1.mp3
2071,mao1,1,99.6%,s2071.m4a,mao1.mp3
2072,miou1,1,99.6%,s2072.m4a,miou1.mp3
2073,mo2,1,99.6%,s2073.m4a,mo2.mp3
2074,mou5,1,99.6%,s2074.m4a,mou5.mp3
2075,muan1,1,99.6%,s2075.m4a,muan1.mp3
2076,mên3,1,99.6%,s2076.m4a,mên3.mp3
2077,mêng3,1,99.6%,s2077.m4a,mêng3.mp3
2078,nam3,1,99.6%,s2078.m4a,nam3.mp3
2079,nang2,1,99.6%,s2079.m4a,nang2.mp3
2080,nao3,1,99.6%,s2080.m4a,nao3.mp3
2081,neng6,1,99.6%,s2081.m4a,neng6.mp3
2082,ng1,1,99.6%,s2082.m4a,ng1.mp3
2083,ng6,1,99.6%,s2083.m4a,ng6.mp3
2084,nga3,1,99.6%,s2084.m4a,nga3.mp3
2085,ngam1,1,99.6%,s2085.m4a,ngam1.mp3
2086,ngang3,1,99.6%,s2086.m4a,ngang3.mp3
2087,ngeng3,1,99.6%,s2087.m4a,ngeng3.mp3
2088,ngi7,1,99.6%,s2088.m4a,ngi7.mp3
2089,ngiang2,1,99.6%,s2089.m4a,ngiang2.mp3
2090,ngiêng1,1,99.6%,s2090.m4a,ngiêng1.mp3
2091,ngo2,1,99.6%,s2091.m4a,ngo2.mp3
2092,ngo3,1,99.6%,s2092.m4a,ngo3.mp3
2093,ngoh8,1,99.6%,s2093.m4a,ngoh8.mp3
2094,ngoin2,1,99.6%,s2094.m4a,ngoin2.mp3
2095,nguêng3,1,99.6%,s2095.m4a,nguêng3.mp3
2096,niab8,1,99.6%,s2096.m4a,niab8.mp3
2097,niam6,1,99.6%,s2097.m4a,niam6.mp3
2098,niang3,1,99.6%,s2098.m4a,niang3.mp3
2099,nih4,1,99.6%,s2099.m4a,nih4.mp3
2100,ning2,1,99.7%,s2100.m4a,ning2.mp3
2101,niou1,1,99.7%,s2101.m4a,niou1.mp3
2102,niu5,1,99.7%,s2102.m4a,niu5.mp3
2103,noi5,1,99.7%,s2103.m4a,noi5.mp3
2104,noih4,1,99.7%,s2104.m4a,noih4.mp3
2105,noin7,1,99.7%,s2105.m4a,noin7.mp3
2106,nou1,1,99.7%,s2106.m4a,nou1.mp3
2107,nua6,1,99.7%,s2107.m4a,nua6.mp3
2108,nuê2,1,99.7%,s2108.m4a,nuê2.mp3
2109,nuêh4,1,99.7%,s2109.m4a,nuêh4.mp3
2110,nê5,1,99.7%,s2110.m4a,nê5.mp3
2111,nên1,1,99.7%,s2111.m4a,nên1.mp3
2112,o2,1,99.7%,s2112.m4a,o2.mp3
2113,o7,1,99.7%,s2113.m4a,o7.mp3
2114,oi1,1,99.7%,s2114.m4a,oi1.mp3
2115,pai5,1,99.7%,s2115.m4a,pai5.mp3
2116,pian5,1,99.7%,s2116.m4a,pian5.mp3
2117,pih4,1,99.7%,s2117.m4a,pih4.mp3
2118,pin3,1,99.7%,s2118.m4a,pin3.mp3
2119,piê6,1,99.7%,s2119.m4a,piê6.mp3
2120,piêg4,1,99.7%,s2120.m4a,piêg4.mp3
2121,po5,1,99.7%,s2121.m4a,po5.mp3
2122,poh4,1,99.7%,s2122.m4a,poh4.mp3
2123,pong7,1,99.7%,s2123.m4a,pong7.mp3
2124,pou6,1,99.7%,s2124.m4a,pou6.mp3
2125,puan2,1,99.7%,s2125.m4a,puan2.mp3
2126,puh4,1,99.7%,s2126.m4a,puh4.mp3
2127,pui2,1,99.7%,s2127.m4a,pui2.mp3
2128,pê3,1,99.7%,s2128.m4a,pê3.mp3
2129,riam5,1,99.7%,s2129.m4a,riam5.mp3
2130,riou7,1,99.7%,s2130.m4a,riou7.mp3
2131,riê5,1,99.7%,s2131.m4a,riê5.mp3
2132,riêh8,1,99.7%,s2132.m4a,riêh8.mp3
2133,riêng6,1,99.8%,s2133.m4a,riêng6.mp3
2134,rong7,1,99.8%,s2134.m4a,rong7.mp3
2135,ruê5,1,99.8%,s2135.m4a,ruê5.mp3
2136,rêng5,1,99.8%,s2136.m4a,rêng5.mp3
2137,sah8,1,99.8%,s2137.m4a,sah8.mp3
2138,sai5,1,99.8%,s2138.m4a,sai5.mp3
2139,sai7,1,99.8%,s2139.m4a,sai7.mp3
2140,sam2,1,99.8%,s2140.m4a,sam2.mp3
2141,sam3,1,99.8%,s2141.m4a,sam3.mp3
2142,seng5,1,99.8%,s2142.m4a,seng5.mp3
2143,sia1,1,99.8%,s2143.m4a,sia1.mp3
2144,siag4,1,99.8%,s2144.m4a,siag4.mp3
2145,siam3,1,99.8%,s2145.m4a,siam3.mp3
2146,sim3,1,99.8%,s2146.m4a,sim3.mp3
2147,sim7,1,99.8%,s2147.m4a,sim7.mp3
2148,siêh4,1,99.8%,s2148.m4a,siêh4.mp3
2149,so6,1,99.8%,s2149.m4a,so6.mp3
2150,soi1,1,99.8%,s2150.m4a,soi1.mp3
2151,sou3,1,99.8%,s2151.m4a,sou3.mp3
2152,sua2,1,99.8%,s2152.m4a,sua2.mp3
2153,suai1,1,99.8%,s2153.m4a,suai1.mp3
2154,suan5,1,99.8%,s2154.m4a,suan5.mp3
2155,suang3,1,99.8%,s2155.m4a,suang3.mp3
2156,sui7,1,99.8%,s2156.m4a,sui7.mp3
2157,suêng1,1,99.8%,s2157.m4a,suêng1.mp3
2158,suêng6,1,99.8%,s2158.m4a,suêng6.mp3
2159,sê5,1,99.8%,s2159.m4a,sê5.mp3
2160,sêh4,1,99.8%,s2160.m4a,sêh4.mp3
2161,sêng2,1,99.8%,s2161.m4a,sêng2.mp3
2162,tam2,1,99.8%,s2162.m4a,tam2.mp3
2163,teng2,1,99.8%,s2163.m4a,teng2.mp3
2164,teng7,1,99.8%,s2164.m4a,teng7.mp3
2165,ti6,1,99.8%,s2165.m4a,ti6.mp3
2166,tiab8,1,99.9%,s2166.m4a,tiab8.mp3
2167,tiam3,1,99.9%,s2167.m4a,tiam3.mp3
2168,tig4,1,99.9%,s2168.m4a,tig4.mp3
2169,tim1,1,99.9%,s2169.m4a,tim1.mp3
2170,tin7,1,99.9%,s2170.m4a,tin7.mp3
2171,tiu3,1,99.9%,s2171.m4a,tiu3.mp3
2172,tiê3,1,99.9%,s2172.m4a,tiê3.mp3
2173,to6,1,99.9%,s2173.m4a,to6.mp3
2174,toi1,1,99.9%,s2174.m4a,toi1.mp3
2175,toih4,1,99.9%,s2175.m4a,toih4.mp3
2176,tong7,1,99.9%,s2176.m4a,tong7.mp3
2177,tou5,1,99.9%,s2177.m4a,tou5.mp3
2178,tu2,1,99.9%,s2178.m4a,tu2.mp3
2179,tuh8,1,99.9%,s2179.m4a,tuh8.mp3
2180,tui7,1,99.9%,s2180.m4a,tui7.mp3
2181,tung2,1,99.9%,s2181.m4a,tung2.mp3
2182,tuê1,1,99.9%,s2182.m4a,tuê1.mp3
2183,tuêng1,1,99.9%,s2183.m4a,tuêng1.mp3
2184,tê1,1,99.9%,s2184.m4a,tê1.mp3
2185,tên5,1,99.9%,s2185.m4a,tên5.mp3
2186,ua6,1,99.9%,s2186.m4a,ua6.mp3
2187,uag4,1,99.9%,s2187.m4a,uag4.mp3
2188,uai2,1,99.9%,s2188.m4a,uai2.mp3
2189,uain1,1,99.9%,s2189.m4a,uain1.mp3
2190,uanh4,1,99.9%,s2190.m4a,uanh4.mp3
2191,ug8,1,99.9%,s2191.m4a,ug8.mp3
2192,uh4,1,99.9%,s2192.m4a,uh4.mp3
2193,zah4,1,99.9%,s2193.m4a,zah4.mp3
2194,zai7,1,99.9%,s2194.m4a,zai7.mp3
2195,zang7,1,99.9%,s2195.m4a,zang7.mp3
2196,zeg8,1,99.9%,s2196.m4a,zeg8.mp3
2197,zeh8,1,99.9%,s2197.m4a,zeh8.mp3
2198,zi7,1,99.9%,s2198.m4a,zi7.mp3
2199,ziam2,1,100.0%,s2199.m4a,ziam2.mp3
2200,ziam5,1,100.0%,s2200.m4a,ziam5.mp3
2201,zin2,1,100.0%,s2201.m4a,zin2.mp3
2202,ziou6,1,100.0%,s2202.m4a,ziou6.mp3
2203,ziêng6,1,100.0%,s2203.m4a,ziêng6.mp3
2204,zou3,1,100.0%,s2204.m4a,zou3.mp3
2205,zou6,1,100.0%,s2205.m4a,zou6.mp3
2206,zuag4,1,100.0%,s2206.m4a,zuag4.mp3
2207,zuan2,1,100.0%,s2207.m4a,zuan2.mp3
2208,zuh4,1,100.0%,s2208.m4a,zuh4.mp3
2209,zung6,1,100.0%,s2209.m4a,zung6.mp3
2210,zuê7,1,100.0%,s2210.m4a,zuê7.mp3
2211,zuêng3,1,100.0%,s2211.m4a,zuêng3.mp3
2212,zên5,1,100.0%,s2212.m4a,zên5.mp3
2213,êi2,1,100.0%,s2213.m4a,êi2.mp3
2214,êi6,1,100.0%,s2214.m4a,êi6.mp3
2215,êng5,1,100.0%,s2215.m4a,êng5.mp3
